,date,title,contents,label,sentiment,긍부정 라벨 비고,esg 라벨(재진행)
0,2020-01-01,가구보러 왔다가 책도 읽고 가지요,신세계 리빙앤라이프스타일 브랜드 까사미아는 지난해 11월 서울 마포구 서교동에 위치한 '까사미아 서교점'에 소규모 서점 겸 소셜 북클럽 '북티크'를 입점시켰다. 서교점 1층 공간의 임대료를 대폭 낮추는 등의 혜택과...,2,1,,
1,2020-01-02,"4대그룹 '4인4색' 경영화두, 이재용 ""준법경영""...정의선 게임체인저·최태원...","정용진 신세계그룹 부회장은 '쓴 고추냉이 속에 붙어사는 벌레에게 세상은 고추냉이가 전부'라는 영국 작가 말콤 글래드웰의 문장을 인용하며 ""관습의 달콤함에 빠지면 작은 세상만 갉아먹다 결국 쇠퇴할 수밖에 없음을...",3,,,
2,2020-01-02,“생존 차원 넘어 변화의 주역으로 우뚝 서겠다”,정용진 신세계그룹 부회장은 ‘쓴 고추냉이 속에 붙어사는 벌레에게 세상은 고추냉이가 전부’라는 표현을 인용하며 지금까지 유지해온 성공의 틀에서 벗어나 관습을 타파한 변화를 주문했다. 김준영·,3,,,
3,2020-01-02,고체 식초 발포정 리아퐁 / 독보적인 기술력과 제품력으로 엔타스 면세점 입점,고체 식초 발포정 리아퐁이 신세계 센텀시티 면세점에 이어 인천 파라다이스 시티에 위치한 엔타스 면세점에 입점했다. 리아퐁은 액체 식초의 단점을 보완한 고체 형태로 제조하여 건강하고 부작용 없는 다이어트를 원하는...,1,,1?,
4,2020-01-02,재계 신년사…‘미래·고객·디지털 혁신’ 화두,"LG그룹과 롯데, 신세계 그룹은 ‘고객 중심’에 방점을 찍었습니다. 구광모 LG그룹 회장은 “올해를 고객의 마음으로 실천하는 한 해로 만들자”며 항상 고객의 관점에서 고민하고 실행하는 LG를 그렸습니다. 지난 연말...",3,,0?,
5,2020-01-03,"신세계면세점, 업계 최초 ‘비닐 뽁뽁이’ 없애기 나서",신세계면세점이 ‘에어캡(비닐 뽁뽁이)’ 사용 제로화에 나선다고 3일 밝혔다.신세계는 에어캡을 대신해 친환경재생지를 사용하고 지속적인 재활용이 가능한 에코박스를 도입해 올해 안에 에어캡을 완전히 퇴출한다는...,1,1,,
6,2020-01-03,경제계 새해 화두는…경제 회복·미래 먹거리,"최우선 과제로 꼽은 건 '디지털 전환' 시대를 대비하는 것. 현대자동차그룹과 LG그룹, 신세계그룹은 밀레니얼 세대 등 새로운 고객의 가치에 맞춰 제품과 서비스 혁신에 나서기로 했습니다. 연합뉴스TV 윤선희입니다.",2,,1?,
7,2020-01-08,공촌하수처리장 증설 승인… 청라 스타필드 착공 '물꼬',"기호일보, KIHOILBO 청라 신세계 복합쇼핑몰 조감도.2024년 인천 청라국제도시 내 스타필드 개장에 꼬인... 신세계백화점 측이 2011년 12월 26일 청라국제도시 2블록 16만3천362㎡의 터를 매입할 당시 오수분배량은 일일...",1,,?하수처리장 : 오수배출량 증가로 인한 것이면 0아닌지,
8,2020-01-08,2020 외식 트렌드는 '편리미엄'...배달 서비스 승승장구,"집에서 즐기는 일품요리 신세계푸드 에어프라이어 전용 가정간편식 2종 출시 간단한 조리 방법을 거쳐 일품요리를 즐길 수도 있다. 신세계푸드는 요리연구가 문성실의 레시피와 올반의 제품 개발력을 접목, '올반 에어쿡...",2,0,,
9,2020-01-13,"대구신세계百 ""소외이웃에 따뜻한 온정을""",대구신세계백화점(이하 대구신세계)은 지난 10일 동구청에서 제일기독종합사회복지관과 함께 2020년 소외계층 지원을 위한 후원금 전달식을 가졌다. 이번 전달식에는 배기철 동구청장과 봉명훈 제일기독종합사회복지관...,2,1,,
10,2020-01-15,"최태원 SK그룹 회장, 지난해 사회공헌 온라인 언급량 1위","참고로 신세계그룹의 정용진 부회장 처럼 동일인의 자녀가 실질적으로 그룹을 이끌고 있는 경우에는 그... 정용진 신세계그룹 부회장 435건 등이었다. 이밖에 김승연 한화그룹 회장 395건, 정의선 현대자동차그룹 총괄...",2,1,,
11,2020-01-16,"삼진어묵, 친환경-공정 무역 등 '실용'에 '의미'까지 더한 선물세트 인기","#현대백화점-신세계백화점, 백화점도 착한 소비에 집중 현대백화점은 이번 설부터 과일 선물세트에... 신세계백화점도 착한 소비에 주목한 건 마찬가지다. 신세계백화점은 올해 발행한 설 선물 카탈로그에 처음으로...",4,1,,
12,2020-01-16,"환경부·충남, 맑은 공기·푸른 하늘 만들기 '맞손'","환경부(장관 조명래)와 충청남도(도지사 양승조)는 16일 천안시 신세계백화점 문화홀에서 '맑은 공기, 푸른 하늘 만들기 범도민 실천다짐대회'를 개최했다. 행사에 앞서 환담을 가진 조명래 장관과 양승조 지사는 충남...",1,1,,
13,2020-01-16,"충남도-환경부, 미세먼지 문제 해결 위해 협력한다","［동양일보 정래수 기자］충남도는 16일 천안 신세계백화점 문화홀에서 '맑은 공기, 푸른 하늘 만들기 범도민 실천 다짐대회'를 개최했다. 조명래 환경부 장관과 양승조 충남지사, 산업계 대표, 시민사회단체, 도민 등...",1,1,,
14,2020-01-16,"충남도, 16일 천안서 미세먼지 저감 '범도민 실천다짐대회'","도는 16일 천안 신세계백화점 문화홀에서 도가 주최하고, 충청남도지속가능발전협의회(대표회장 이진헌)가 주관한 '맑은 공기, 푸른 하늘 만들기 범도민 실천다짐대회'를 개최했다고 밝혔다.양승조 지사와 조명래 환경부...",1,1,,
15,2020-01-16,충남도 - 환경부 미세먼지 저감 `어깨동무',"환경부와 충남도는 16일 오후 충남 천안시 신세계백화점 문화홀에서 `맑은 공기, 푸른 하늘 만들기 범도민 실천다짐대회'를 열었다. 이날 행사에는 조명래 환경부 장관과 양승조 충남도지사를 비롯해 산업계·시민단체...",1,1,,
16,2020-01-20,"이재명 지사 ""공정과 친기업 양립 가능""","이 자리에는 삼성전자㈜ 김종호 사장, 삼성전자 DS부문 강봉용 부사장, SK하이닉스㈜ 김동섭 사장, LG디스플레이㈜ 양재훈 부사장, 기아자동차㈜ 최준영 대표이사, ㈜신세계프라퍼티 이임용 상무, 경기도수출기업협회...",1,1,,
17,2020-01-22,"초록우산, 화정복지관에 신세계 이마트 장난감 도서관 운영비 등 2200만원 지...",초록우산어린이재단 울산지역본부(본부장 배익철)가 22일 진각복지재단 울산화정종합사회복지관(관장 황상선)에 신세계 이마트 희망장난감도서관 운영비를 전달했다. 신세계이마트 지원으로 2011년 6월27일 개관한...,2,1,간접적,
18,2020-01-22,"초록우산어린이재단 울산지역본부, 신세계이마트희망장난감도서관 운영비 전달","초록우산어린이재단 울산지역본부는 22일 진각복지재단 울산화정종합사회복지관에 신세계이마트희망장난감도서관 운영비 2,200만원을 전달했다. 신세계이마트희망장난감도서관 울산관은 신세계이마트의 지원으로...",2,1,간접적,
19,2020-01-27,"대구 신세계 내 러쉬매장, 친환경 고체형 제품 판매","신세계백화점 대구점은 27일 러쉬매장에서 최근 친환경에 관심이 많은 고객의 요구에 맞추어 다양한 고체형 상품이 디스플레이되어 판매되고 있다. &lt;사진&gt; 기존 세안비누뿐만 아니라 샴푸, 린스, 바디워시, 오일...",1,1,,
20,2020-01-27,"현대백화점, 대전에 대규모 아울렛 매장 오픈...충청권 유통시장 지각 변도 예...","여기다 신세계도 2021년 개장을 목표로 대형 복합 쇼핑몰 사이언스 콤플렉스를 건설중에 있어 지역 유통시장의 판도 변화가 예상된다. 청주지역 유통업계 관계자는 ""인근 대전에 현대프리미엄아울렛과 신세계 등 대형...",2,0,,
21,2020-01-28,친환경 고체형 바디케어 제품,"대구신세계백화점은 6층 러쉬매장에서 최근 친환경에 관심이 많은 고객의 요구에 맞춰 다양한 고체형... 솝(핑크) 1만4천 원, 슛팅스타스 솝 1만3천 원, 아웃백 메이트 솝 100g 9천 원 등이 있다. 대구신세계백화점 제공",1,1,,
22,2020-01-28,반여종합복지관 ‘설 선물 나눔’ 저소득·홀로 어르신 가구 전달,"이번 행사는 지역 내 어려운 이웃들을 돕기 위해 국민연금관리공단 동부산지사, 샤롯데 봉사단, 신세계 조선호텔, 한국전력공사 남부산지사, 해양 수산부 동해어업관리단의 후원으로 지역 주민들에게 전달했다....",2,1,,
23,2020-01-28,‘우한 폐렴’ 복병 만난 중국 소비株 어쩌나,"(그래픽=이데일리 이미나 기자) 28일 마켓포인트에 따르면 대표 면세점 및 유통주인 신세계(004170)는 전... 또 토니모리(214420)와 신세계인터내셔날(031430), 한국화장품제조(003350), 리더스코스메틱(016100), 한국콜마...",2,0,,
24,2020-01-28,"증폭되는 ‘우한 공포’, 유통업계의 대응은",업계에 따르면 신세계백화점은 중국인 방문이 많은 본점과 강남점 매장 소독을 강화했다. 주요 출입구에 손 소독제를 비치하고 에스컬레이터 손잡이 소독도 시행 중이다. 안내센터에서 일하는 직원들은 마스크를...,2,,?,
25,2020-02-04,"현대·롯데 등 대구지역 백화점, 신종 코로나 방역 10일 휴점","4일 복수 유통업계 관계자에 따르면 신종코로나 확산을 방지하는 방역작업을 펼치고자 지역 내 대구신세계백화점, 현대백화점 대구점, 롯데백화점 대구·상인점, 대구백화점 프라자점, 동아백화점 쇼핑점 등은 오는 10일...",2,,?,
26,2020-02-05,도내 우수 중기 제품 온라인 몰 입점 지원,"입점 가능한 플랫폼은 ▲경기도주식회사 자사몰 ▲종합몰 7곳(롯데아이몰, GS샵, CJmall, Hmall, 홈앤쇼핑, 신세계몰, 이마트몰) ▲오픈마켓 6곳(쿠팡, 인터파크, 옥션, 11번가, G마켓, G9) ▲소셜커머스 2곳(위메프, 티몬)...",2,1,,
27,2020-02-06,한성숙X백종원 만남에 들썩…정용진 이어 돌풍 만들까,"앞서 백종원은 정용진 신세계 부회장을 키다리로 요청해 성공적인 '콜라보'를 만들어낸 바 있다. 지난해 말 못난이 감자, 그리고 여수 훈연 멸치까지 이마트, SSG몰 등에서 모두 품절 사태를 일으켰다. 한성숙 (사진=SBS...",2,1,,
28,2020-02-06,"'푸드윈도' 네이버 대표 한성숙 , 정용진X백종원 '품절' 이뤄낼까",앞서 백종원은 정용진 신세계 부회장에게 전화해 못난이 감자를 팔아줄 것을 요청했다. 정용진 부회장은 이를 흔쾌히 수락했다. 실제 이마트에서 출시했다. 못난이 감자에 여수 훈연 멸치까지 이마트와 SSG몰에서 판매...,2,1,,
29,2020-02-06,"'맛남의 광장' 네이버 대표 만난 백종원, ""협업으로 소비촉진""…""TV에서 디지...","블로그에 많은 분들이 그걸 놓고 레시피를 올린다. '만들어 보니까 어떻더라'""라고 말했다. 이로써 네이버는 '맛남의 광장'과 협업을 약속, 정용진 신세계 부회장과 하미쉬 총주방장에 이은 세 번째 키다리가 됐다.",2,1,,
30,2020-02-07,시흥시-신세계아울렛-사회적기업 ‘아름다운 동행’,신종 코로나바이러스 감염증 확산에 따른 대응 과정에서 시흥시-신세계배곧아울렛-사회적기업이 연대하는... 이런 과정에서 시흥시 소상공인과는 협력관계를 맺고 있던 신세계배곧아울렛의 CSR(기업사회공헌)팀과...,2,1,,
31,2020-02-10,분주한 백화점 방역,신종 코로나바이러스 감염증 사태가 확산함에 따라 다중이용시설인 광주신세계 등 지역백화점들이 10일 임시 휴점하고 집중적인 방역을 실시했다. 사진은 이날 오전 롯데백화점 광주점에서 방역을 하고 있는 모습.,2,,?,
32,2020-02-11,"JW중외제약, 코로나 살균소독제 ‘릴라이온 버콘’ 다중이용시설로 확대 공급",JW중외제약은 최근 신세계백화점에 ‘릴라이온 버콘(50g)’ 2천 개를 공급했다. 신세계백화점은 지난 10일 전국 11개 지점 모두 임시휴업하고 ‘릴라이온 버콘’을 활용해 대대적인 방역을 했다. 신세계백화점은 이번...,1,1,,
33,2020-02-11,"공정위, 신세계ㆍ우리홈쇼핑의 소비자 청약철회 방해행위 제재",［메디컬투데이 김동주 기자］ 공정거래위원회(이하 공정위)는 온라인쇼핑 사업자인 신세계와 우리홈쇼핑... 신세계는 2017년 4월 20일부터 2017년 6월 30일 까지 11번가를 통해 상품을 판매하면서 ‘상품 구매 후 개봉(BOX...,2,0,,
34,2020-02-11,"JW중외제약, 살균소독제 '릴라이온 버콘' 다중이용시설로 확대 공급",JW중외제약은 최근 신세계백화점에 '릴라이온 버콘(50g)' 2천개를 공급했다. 신세계백화점은 10일 전국 11개 지점 모두 임시휴업을 하고 '릴라이온 버콘'을 활용해 대대적인 방역을 실시했다. 신세계백화점은 이번 신종...,2,1,,
35,2020-02-11,"JW중외제약 ""코로나 살균소독제, 다중이용시설로 공급 확대""",JW중외제약에 따르면 회사는 최근 신세계백화점에 '릴라이온 버콘50g' 2000개를 공급했다. 실제 신세계백화점은 10일 전국 11개 지점 모두 임시휴업을 하고 릴라이온 버콘을 활용해 대대적인 방역을 진행했다....,2,1,,
36,2020-02-12,"""밸런타인 선물도 포장재 없는 친환경으로""","대구신세계백화점은 6층 러쉬매장에서 발렌타인에디션 제품을 판매한다고 12일 밝혔다. 구성된 상품은... 원, 100g)은 렛츠 겟 피지컬 낫랩(재활용 천 포장지, 9천 원)으로 포장해 선물할 수 있다. 신세계백화점 제공",1,1,,
37,2020-02-13,신세계 이어 롯데도 '고강도 구조조정'…오프라인 위기 현실로,- ''대형마트 1위'' 이마트 추락에 ''유통공룡'' 롯데 대규모 매장 감축 - 그나마 선전하던 먹거리마저 온라인서 꿀꺽…경쟁력 하락 - 규제에 코로나19 감염병까지 겹치면서 올해 전망도 ''암울'' [이데일리 이윤화 기자]...,2,,?,
38,2020-02-14,"신세계사이먼, 여주 지역아동시설에 기부금 출연",신세계사이먼 정원철 팀장과 여주 프리미엄 아울렛 도현철 점장(오른쪽 끝)은 14일 여주시청 앞에서 이항진... /신세계사이먼 제공 신세계사이먼(대표 조창현)이 여주 지역 아동시설에 물품지원을 위한 기부금을 출연했다....,2,1,,
39,2020-02-14,"신세계사이먼, 여주 지역 아동시설에 물품지원 기부금 출연","신세계사이먼은 여주 지역 아동시설에 물품지원을 위한 기부금을 출연했다고 14일 밝혔다. 이날 여주시청에서는 이항진 여주시장, 초록우산어린이재단 서울지역본부 이형진 본부장, 신세계사이먼 CSR팀 정원철 팀장, 여주...",2,1,,
40,2020-02-17,'스타필드 창원' 교통영향평가 심의 1년만에 개시될 듯,신세계가 경남 창원시를 상대로 유통 복합단지인 '스타필드 창원'에 대한 교통영향평가 심의를 요청한지 1년만에 심의절차가 개시될 것으로 보인다. 17일 창원시에 따르면 신세계 그룹 부동산개발 업체인 '신세계...,2,1,,
41,2020-02-18,창원 스타필드 교통영향평가 보완서 제출,신세계 그룹 부동산 개발업체인 신세계 프라퍼티가 창원시에 건축허가 신청 전 단계인 교통영향평가 사전검토 보완서를 제출했다. 창원시는 신세계 그룹이 추진하고 있는 대규모 유통시설인 스타필드 입점을 앞두고...,2,1,,
42,2020-02-19,"대구지역 백화점, 코로나19대비 방역 강화",신세계백화점은 밤낮 없이 방역작업을 펼치고 있으며 백화점 출입문에 열화상 카메라를 설치한 것으로 알려졌다. 이마트의 경우 코로나 발생 후 꾸준히 방역 및 마스크 분배작업을 펼치고있다. 추가 대응은 하고 있지...,2,,?,
43,2020-02-20,"이마트, 양식장 통째로 사들였다",이마트는 오는 26일까지 '전복 골라담기' 행사를 열고 정상가 100g 5700원인 전복을 신세계 포인트 회원을 대상으로 34% 저렴한 3762원에 판매한다. KB국민카드로 결제하면 10% 추가 할인된 3386원에 구매할 수 있다. 행사의...,2,1,?,
44,2020-02-24,"스타필드, 고객 참여 캠페인 ‘#별별라이프’ 성료",신세계프라퍼티 관계자는 “이번 #별별라이프 캠페인은 스타필드를 방문한 고객들이 즐겁고 행복했던 순간을 기록하고 함께 공유하는 것 자체로 큰 의미가 있었다”며 “참여해주신 모든 분께 다시 한번 감사드리며...,2,1,,
45,2020-02-26,'코로나 확산 저지' 대처 돋보인 지역백화점,대구신세계백화점과 롯데백화점 대구점이 대표적인 사례다. 대구신세계백화점은 지난 25일 오후 8시께 7층에 근무 중인 협력업체 직원 1명이 코로나19 확진 판정을 받은 것을 파악해 고객 및 직원들을 즉시 내보내고 조기...,2,,?,
46,2020-03-04,창원 스타필드 교통영향평가 심의서 보류,신세계그룹이 추진하는 초대형 복합쇼핑몰 스타필드 창원점에 관한 교통영향평가가 심의위원회에서 보류됐다. 이에따라 재심의가 불가피하게 됐다. 창원시는 4일 오후 창원시청에서 열린 심의위원회에서 신세계가...,2,0,,
47,2020-03-04,조창현 신세계사이먼 대표 '경기도의회의장 표창',"신세계사이먼 조창현(사진 왼쪽) 대표이사가 지역사회 발전 분야 '경기도의회 의장 표창'을 수상했다. 지난 3일 경기도의회 의장실에서 송한준 의장과 황수영 의원, 신세계사이먼 조창현 대표가 참석한 가운데 시상식이...",2,1,,
48,2020-03-05,"신세계, 9천억 지원…협력사 대금 조기지급 총력",신세계그룹이 신종 코로나바이러스 감염증(이하 코로나19) 극복을 위해 9천억 원 규모 자금 지원에 나선다.... 5일 신세계그룹게 따르면 신세계백화점은 2천여 개 중소 협력회사를 대상으로 4천억 원 규모의 상품...,2,1,,
49,2020-03-05,"코로나19 확산에 '집밥'↑… 이마트, 먹거리 행사",행사 카드 구매 시 2천원 할인하고 국내산 봄나물 행사도 연다. 국산 돼지고기와 호주산 소고기도 할인하고 포장김치는 행사 카드 구매 시 20% 할인한다. 또 7일에는 국산 삼치를 신세계 포인트로 구매하면 30% 할인한다.,2,,?,
50,2020-03-05,[에너지경제신문 오프라인] 먼저 만나는 에너지경제신문 헤드라인 - 3월 6일,"힘내요 … 신세계그룹, 코로나 극복 9000억 지원 에쓰오일, 전국재해구호협회에 5억원 기탁 bhc치킨, 코로나19 극복 성금 4억원 기부 JW그룹, 대구에 1억원 상당 의료품 지원 LG, 의료진에 방호복 등 지원 한화, 용인...",2,1,,
51,2020-03-05,"신세계·이마트, 경영난 처한 중소 협력사 상품 결제대금 조기 지급…9000억 ...","신세계 ""앞으로도 지역사회 상생 파트너로서 기업의 사회적 책임 다할 것"" 신세계그룹은 신종 코로나바이러스 감염증(코로나19) 확산으로 인해 경영난을 겪는 중소 협력사에 총 9천억원 규모로 자금을 지원한다고 5일...",2,1,,
52,2020-03-05,신세계그룹 “코로나 극복 동참…협력업체 9000억 자금 지원”,스타필드 임대료 유예·영남대병원에 간식 대구 의료진·봉사자에 ‘힘내라키트’ 지원도 신세계백화점 대구점. 신세계 제공 신세계그룹이 코로나바이러스감염증-19(코로나19) 사태에 어려움을 겪는 중소 협력회사에...,2,1,,
53,2020-03-05,정용진·이만희 지원에 상반 시선…'아래' 쥐어짜기 vs '아래' 보듬기,뷰어스 김현 기­자 신세계 그룹 부회장 정용진과 이만희 신천지 교주가 코로나19 극복을 위해 통큰 지원을 결정했으나 대중들의 반응은 상반된 모양새다. 5일 신세계그룹은 코로나19 극복을 위해 마스크 등 위생용품과...,2,1,,
54,2020-03-06,"[SR사회공헌] 신세계그룹, 코로나19 극복 위해 9,000억 규모 지원","정용진 신세계그룹 부회장 ⓒ신세계그룹 - 구호물품 3,000세트 전달 - 협력사에 8,250억 원 결제금 조기 지급 신세계그룹이 코로나19(우한 폐렴) 극복을 위해 그룹 차원의 적극 지원에 나선다. 신세계그룹은 6일 환자의...",2,1,,
55,2020-03-06,"'코로나19' 확산…유통업계, 영업시간 단축 나서","6일 유통업계에 따르면 롯데백화점과 신세계백화점 현대백화점 등 백화점 3사와 복합쇼핑몰 스타필드, 현대아울렛, 롯데아울렛 등 아울렛 점포, 롯데면세점과 신세계면세점 등 면세업계가 영업시간을 단축하고...",2,,?,
56,2020-03-06,9000억 푸는 신세계... 열악한 스포츠에도 통 큰 후원해 온 그룹,신세계그룹이 신종 코로나바이러스 감염증(코로나19) 극복을 위해 9000억 원 규모의 지원을 결정했다. 신세계그룹은 지난 5일 신세계백화점과 이마트가 5000여 개의 중소 협력회사의 자금 운용을 돕기 위해 8000억 원...,2,1,,
57,2020-03-31,백화점 안심 가림막 설치,"코로나19 확산 방지를 위한 사회적 거리두기 캠페인이 전개되고 있는 가운데 광주신세계가 상담을 주로하는 상품권샵과 고객상담실, 유모차대여소 등 5곳에 투명 아크릴 가림막을 설치·운영하고 있다.&lt;광주신세계 제공&gt;",2,,?,
58,2020-04-06,"신세계푸드, 건강 식재료 활용 식사대용 건강빵 출시",신세계푸드가 건강 식재료를 활용한 식사대용 건강빵을 선보인다고 밝혔다. 신세계푸드는 최근 코로나19의 영향으로 가정에서 식사를 대신해 빵을 즐기는 소비자가 증가하는 것에 주목했다. 실제 신세계푸드가 이마트와...,2,1,,
59,2020-04-10,"신세계조선호텔, 5월까지 직원 유급휴업 실시...평균임금의 70%","서울 웨스틴조선호텔./사진=신세계조선호텔 신세계조선호텔은 오는 13일 부터 5월 31일까지 두달간 직원 유급휴업을 시행한다고 10일 밝혔다. 코로나19의 확산으로 호텔 내 숙박, 식음, 연회 이용률이 급감하는 가운데...",2,1,,
60,2020-04-15,"전남도-광주신세계, ‘농수축산물 상생장터’ 개장","전남도는 코로나19 위기 사태가 장기화됨에 따라, 농수축산물 판로에 어려움을 겪고 있는 농어업인들을 위해 광주 신세계백화점과 손잡고 상생장터를 개최한다. &lt;사진&gt; 15일부터 5일간 열릴 상생장터는 광주 신세계백화점...",2,1,,
61,2020-04-15,전남도-광주신세계 '농수축산물 상생장터' 개장,"전라남도는 코로나19 위기 사태가 장기화됨에 따라, 농수축산물 판로에 어려움을 겪고 있는 농어업인들을 위해 광주 신세계백화점과 손잡고 상생장터를 개최하고 있다. 15일부터 5일간 열릴 상생장터는 광주 신세계백화...",2,1,,
62,2020-04-16,"신세계푸드, 코로나19 극복 위한 '희망 키트' 기부 나서",신세계푸드가 코로나19로 어려움에 놓여 있는 취약계층 아동을 위해 임직원들이 직접 제작한 면 마스크와 올반 가정간편식 등을 담은 '희망 키트' 300개를 초록우산어린이재단에 전달했다고 밝혔다. 신세계푸드의 '희망...,2,1,,
63,2020-04-17,"전남농협, 광주신세계 백화점 `농어가돕기 직거래'",농협전남지역본부는 광주신세계 백화점에서 '코로나19 극복 농어가돕기 직거래장터'를 오는 19일까지 갖습니다. 이번 직거래 장터에서는 전남 각 시군을 대표하는 우수한 농산물들을 시중가 대비 10~50% 저렴한 가격에...,2,1,,
64,2020-04-17,코로나 때문에 쌓인 면세점 명품들 '헐값'에 판매한다,지난 7일 롯데·신라·신세계 등 국내 주요 면세점 사업자와 한국면세점협회·관세청 관계자들은 '보세물품... 면세품들은 롯데·신세계 등 국내 주요 백화점에서 판매되거나 팝업스토어 형식으로 판매를 검토 중이다.,2,,?,
65,2020-04-22,코로나19 확산 속 대기업 총수 사회공헌도 빅데이터 분석결과 발표,"정용진 신세계그룹 부회장 87건, 구광모 LG그룹 회장 65건, 김승연 한화그룹 회장 48건, 최정우 포스코 회장 38건 등으로 조사 됐다. 또 정의선 현대자동차그룹 총괄 수석 부회장이 35건, 구자열 LS그룹 회장 32건, 신동빈...",1,1,,1-->2
66,2020-04-29,아기상어에 화답한 정용진 '덕분에 챌린지' 동참…펭수 지목,"정용진 신세계 부회장이 신종 코로나바이러스 감염증(코로나19)와 사투를 벌이고 있는 의료진들에게... 이어 ""덕분에 저와 제 가족은 물론, 신세계 그룹 임직원이 안전한 일상을 보낼 수 있었다. 우리 모두 조금 더 노력하고...",2,1,,
67,2020-04-29,"코로나19 직격타에 호텔신라, 주4일제 시행","최근 호텔신라뿐 아니라 롯데면세점과 롯데호텔, 신세계조선호텔 등 주요 호텔·면세업체들이 연달아 주 4일제 또는 유급휴직에 돌입하는 등 업계 전반이 위기대응에 나서고 있어서다. 호텔신라는 향후 코로나...",2,1,,
68,2020-04-30,"희망브리지, 코로나19 피해 대구‧경북에 상품권 192억8080만원 지원","이번 상품권 지원에 참여한 후원사는 삼성, 엔씨소프트, 미래에셋, 아산사회복지재단, 신협중앙회, 현대중공업그룹, 현대차그룹, 포스코, 한국투자증권, DB그룹, 새마을금고, 신세계, 메리츠화재, 한국암웨이, CJ...",2,1,,
69,2020-05-04,용인 로컬푸드 신세계 통합 온라인몰 SSG.COM 입점,"▲ 4일 용인로컬푸드 소비촉진 업무협약식[용인=오왕석 기자] 전국 소비자들이 용인에서 생산된 신선한 로컬푸드를 이마트, 신세계백화점 등 신세계 통합 온라인몰인 에스에스지닷컴서 구입할 수 있게 됐다. 백군기...",2,1,,
70,2020-05-05,공효진 ‘덕분에 첼린지’ 참여 “우리 모두 무사히 견뎌내길”,"정용진 신세계그룹 부회장은 캠페인에 참여하며 배우 공효진과 공유, EBS 인기 캐릭터 ‘펭수’, 한국여자축구국가대표팀을 지목했다. 공효진과 공유는 신세계그룹 SSG닷컴 모델로 활동했다.",2,1,,
71,2020-05-05,"김혜수·공효진, '덕분에 챌린지' 동참…송혜교·정려원 등 지목","의미 있는 일에 함께하게 해주신 정용진 (신세계) 부회장님 감사하다""고 전했다. 이어 ""이 의미있는 일을 천사같은 정려원 씨와 용감한 임수미 씨가 함께 해주시길 부탁드린다. 우리 모두 무사히 견뎌내길""이라고...",2,1,,
72,2020-05-05,"용인 로컬푸드, 신세계 쇼핑몰서 판매","용인시에서 생산하는 로컬푸드가 신세계그룹이 운영하는 통합쇼핑몰 SSG닷컴(SSG.COM)에서 판매된다.... 최택원 본부장은 ""용인시 우수 농산물을 360만 신세계 통합 온라인몰 회원에게 제공하게 돼 기쁘다""고 말했고...",2,1,,
73,2020-05-06,"해수부-이마트, 어가돕기 나선다",(3마리)는 기존 11천940원에서 17% 가량 할인한 9천900원에 판매한다. 손질 멍게 역시 7천980원에서 신세계포인트 적립 고객을 대상으로 2천원 할인해 5천980원에 판매한다. 또한 광어물회는 7천980원에 판매한다.,2,1,,
74,2020-05-08,"정용진 신세계그룹 부회장, 화훼농가 돕기 '플라워 버킷 챌린지' 동참","신세계그룹 정용진 부회장이 코로나19로 어려움에 처한 화훼농가를 돕기 위한 '플라워 버킷 챌린지'에... 있도록 신세계그룹의 모든 임직원과 최선을 다할 것""이라고 말했습니다. 정 부회장은 다음 '플라워 버킷 챌린지...",2,1,,
75,2020-05-08,"정용진 신세계 부회장, 플라워 버킷 챌린지 동참",정용진 신세계그룹 부회장이 코로나19로 어려움에 처한 화훼농가를 돕기 위해  ‘플라워 버킷 챌린지’... “위기를 극복해 일상으로 돌아갈 수 있도록 신세계의 모든 임직원들과 노력할 것”이라고 말했습니다./문다애기자,2,1,,
76,2020-05-08,"정용진 신세계그룹 부회장, '플라워 버킷 챌린지' 캠페인 동참","지목 신세계그룹은 정용진 부회장이 코로나19로 어려움에 처한 화훼농가를 돕기 위해 '플라워 버킷 챌린지... 있도록 신세계그룹의 모든 임직원들과 함께 최선의 노력을 다 할 것""이라고 말했다. 이에 앞서 이마트는 지난...",2,1,,
77,2020-05-08,"[조경기술] “미세먼지 없는 보행권, ‘에어돔’으로 만들어 봐”","현재 LH 스마트시티 홍보관에 추천 모델로 설치돼 있으며, 광주송정역, 서울고속버스터미널 신세계... 광주 송정역 KTX광장에 설치된 기본형 에어돔 서울고속버스터미널 신세계 센트럴시티에 설치된 퍼걸러형 에어돔 광주...",1,1,,
78,2020-05-08,맛에 ‘정의’까지 더한 공정무역 먹거리 주목,"벤앤제리스는 전국 주요 GS25와 서울 및 수도권 지역 롯데마트와 홈플러스, 그리고 신세계백화점과 롯데프리미엄푸드마켓 일부 매장에서 만나볼 수 있으며 쿠팡 로켓프레시를 통해 온라인 주문 역시 가능하다. 로켓프레시...",2,1,,
79,2020-05-11,[정태인의 경제시평]‘한국형 뉴딜’과 그린뉴딜,자율주행차가 다니고 드론이 택배를 하는 ‘멋진 신세계’보다는 기후위기의 ‘아마겟돈’이 먼저 찾아올 것이다. 지금 당장 필요한 기술혁신의 목표는 탈탄소여야 한다. 지금 당장 필요한 인프라투자는 전기...,1,,(신세계 관련 없는 뉴스 : '신세계' 단어가 들어간 뉴스임),뉴스 목록에서 제외되어야..
80,2020-05-18,"‘코로나19 시대’ 변화하는 유통·식품 기업들, 생산·유통·재활용…거센 ‘...",신세계백화점은 본점 식품관 한우를 100% 무항생제 상품으로 교체한 데 이어 올해 안에 친환경·동물복지 인증 상품 비중을 기존 35%에서 60% 이상으로 확대한다. 식품업계에도 친환경 바람이 불고 있다. 농심은 생수...,1,1,,
81,2020-05-18,"맹동농협, 농산물 판로개척 유통업체 바이어 초청 간담회","맹동농협은 수박이 출하되는 6월초에도 쿠팡, 신세계몰, 농협몰 등 대형 온라인 쇼핑몰 판매 증대를 위한 농산물 상생마케팅 행사, 신용카드 및 유통센터 시식 프로모션을 진행할 계획이다. /음성 박명식기자",2,1,,
82,2020-05-20,신세계백화점 김해점 장학기금 기탁,신세계백화점 김해점이 20일 장학기금 3000만 원을 김해시인재육성장학재단에 기부했다 신세계백화점 김해점은 2018년부터 매년 3000만 원씩 기탁해 이번까지 누적기탁금이 9000만 원에 이른다. 이와 별도로 신세계는...,2,1,,
83,2020-05-25,"이마트, 고창 '못난이 왕고구마' 할인 판매.…코로나 피해 농가 지원","이밖에 신세계TV쇼핑은 65톤을 매입 못난이 고구마와 일반고구마를 한데 묶은 상품 1만세트를 선보여 방송시작 40분만에 완판했으며, 긴급 추가물량 3천세트를 추가 공수하기도 했다. 신세계 푸드도 3톤을 매입 '고구마...",2,1,,
84,2020-05-25,"지역 유통가, 상생 마케팅 '봇물'","광주신세계백화점 1층에서 오는 28일까지 계속되는 '전남 명품 농수특산물 상생장터'입니다. 앞서 지난달 열린 상생장터에서 닷새 만에 1억 8천6백만 원의 매출을 올릴 정도로 소비자들의 호응도 좋습니다. 특히, 신세계...",2,1,,
85,2020-05-26,"어려울수록 함께, 지역사회 활력소","앞으로도 이같은 행사를 계속 추진해나갈 생각입니다""} 신세계백화점도 지역중소기업 판로를 지원하는 특별전을 통해 상생에 동참하고 있습니다. 같이 갑시다. 어려울때 더욱 빛이 나는 상생의 노력이 지친 지역민의...",2,1,,
86,2020-05-26,광주신세계-전남도 농수축산물 판매 협약,"광주신세계는 전남도와 함께 지난 25일 백화점 1층에서 코로나19로 판매에 어려움이 있는 농어가와 중소업체의 전남 농수축산물 판로확대를 위한 업무협약을 체결했다. 이날 김영록 전남도지사, 유신열 신세계 영업본부장...",2,1,,
87,2020-05-27,"신세계건설, 대구시 주거 취약계층 위한 '사랑의 집수리' 지원",신세계건설은 대구시가 시행하고 있는 주거 취약계층을 위한 '사랑의 집수리' 사업에 참여한다고 27일 밝혔다. 앞서 신세계건설은 전날 대구시청에서 진행된 '사랑의 집수리' 사업 행사에 참여해 3000만원의 성금을...,2,1,,
88,2020-05-28,"전남 특산물 직거래장터, 올 수도권 첫 개장","이와 함께 전남도는 오는 6월 4일 경기 고양시 킨텍스에서 대한민국 명품 특산물 페스티벌을, 오는 6월 19일부터 25일까지 신세계백화점 대구점에서 영호남 상생장터를 개최한다. 이어 오는 6월말 신세계백화점 강남점에서...",2,1,,
89,2020-05-28,"광주신세계, 열화상 카메라 추가",코로나19 확산 방지를 위해 광주신세계가 유동 고객이 많은 백화점 후문과 버스터미널 방향 입구 2곳에 이어 본관 9층 아카데미 입구에도 열화상 카메라를 추가로 설치했다. &lt;광주신세계 제공&gt;,2,,?,
90,2020-05-29,"이마트, 제주 감귤사고 쇼핑지원금 받아가세요",시 신세계상품권 5천원을 쇼핑 지원금으로 제공한다. '제주 하우스 감귤' 1팩 가격은 1만 4900원으로 쇼핑지원금을 받으면 9900원에 구매하는 격이다. 팩당 상품권을 제공해 2팩 구매 시 신세계상품권 1만원을 받을 수...,2,1,,
91,2020-06-05,"중소기업유통센터, 소상공인 온라인 판로지원 박차","K쇼핑, SK스토아, 신세계TV쇼핑, 쇼핑엔티, W쇼핑 등 T-커머스 5개사와도 업무협약을 체결했다. 중소기업유통센터는 이번 협약을 통해 TV홈쇼핑·T-커머스의 방송지원비 1500만 원 또는 영상제작비 800만 원 등을 지원해...",2,1,,
92,2020-06-05,[지자체의 SR] 경기도 '2차 온라인 판로 개척' 참여 중소기업 모집,"입점 가능한 채널은 종합몰 8곳(롯데아이몰, GS샵, CJmall, Hmall, 홈앤쇼핑, 신세계몰, 이마트몰, 한샘몰), 오픈마켓 6곳(쿠팡, 인터파크, 옥션, 11번가, G마켓, G9), 소셜커머스 2곳(위메프, 티몬), 온라인플랫폼 1곳...",2,1,,
93,2020-06-08,대구신세계百 비대면 봉사활동 '눈길',"코로나19로 각계 각층의 온정의 손길이 줄어들고 있는 가운데, 대구신세계백화점(이하 대구신세계)이 비대면 방식으로 봉사활동을 전개해 눈길을 끌고 있다. 8일 대구신세계 관계자에 따르면 코로나19 사태로...",2,1,,
94,2020-06-12,[영암] 광주 신세계백화점서 농·특산물전 열어,전남 영암군(군수 전동평)이 광주 신세계백화점에서 '영암군 명품 농·특산물전'을 오는 18일까지 연다고... 영암군과 신세계백화점이 공동으로 마련한 행사다. 개장일인 12일에는 전동평 영암군수를 비롯해 고천수 군의원...,2,1,,
95,2020-06-12,코로나19가 깨운 재고의 가치… ‘기업·소비자 윈윈’ 재고쇼핑몰 주목,"지난 3일 신세계면세점 재고품을 최대 50% 할인된 가격에 판매해 전체 품목 93%가 품절되고 홈페이지 접속은 1시간 넘게 마비되기도 했다. 기업 재고상품과 리퍼브 제품, 유통기한 임박상품 등을 전문적으로 판매하는...",2,1,,
96,2020-06-15,"영암군, 농가돕기 '농특산물 판매전' 개최",광주 신세계백화점 영암 농특산물 판매전©영암군 전남 영암군이 광주 신세계백화점에서 지난 12일부터 오는 18일까지 농가돕기 '영암군 명품 농특산물전' 을 개최한다. 15일 영암군에 따르면 이번 행사는 코로나19로...,2,1,,
97,2020-06-15,"대구아쿠아리움, 코로나로 고생한 의료진 무료입장","대구아쿠아리움은 대구신세계백화점 9층에 위치해 있다. 국내 아쿠아리움 중 최고층에 위치한 실내형 해양 테마파크로, 4천415㎡의 면적을 △대구의 바다 △푸른 바다의 정원 △강물따라 △동물의 숲 △토코빌리지 등...",2,1,,
98,2020-06-15,광주 신세계백화점서 ‘영암 명품 농특산물전’,영암군은 오는 18일까지 광주 신세계백화점에서 ‘영암군 명품 농특산물전’을 진행한다. 이번... &lt;영암군 제공&gt;영암군은 15일 “광주 신세계백화점에서 지난 12일부터 오는 18일까지 ‘영암군 명품 농특산물전’이 열리고...,2,1,,
99,2020-06-16,재난지원금에 고객들 줄자…대형마트 “쇼핑지원금 쏩니다”,이마트는 17일부터 24일까지 한우 국거리·불고기를 신세계포인트 회원에게 40% 할인 판매한다. 이 같은 형태의 ‘쇼핑지원’은 통상 백화점에서 해 왔다. 모든 상품을 할인 판매하는 대형마트는 유통마진이 적기...,2,1,,
100,2020-06-17,"무안군, '친환경 농수특산물 특별전' 종료",무안 농수특산물 판촉(광주 신세계백화점)©무안군 전남 무안군이 지난 5일부터 7일간 코로나19 위기극복을 위해 광주 신세계백화점에서 개최한 '무안 명품 농수특산물 특별전'을 성황리 마무리했다. 이번 농수특산물...,2,1,,
101,2020-06-17,[무안] '명품 농수특산물 특별전' 성황리 마쳐,광주 신세계백화점에서 개최한 '무안 명품 농수특산물 특별전'을 성공적으로 마무리했다고 17일 밝혔다. 군에 따르면 이번 특별전은 광주 신세계백화점 지하 1층 식품관에서 12개 농가와 업체가 참여한 가운데 진행됐으며...,2,1,,
102,2020-07-08,"이마트, 대형마트 최초 '무항생제 영계' 판매 나서","이마트는 매장에서 직접 끓여 데우기만 하면 간편케 먹을 수 있는 '쌍둥이 영계백숙'을 16% 할인한 9980원에 판매하며 국산 활 전복(100g)을 행사카드 결제 시 50% 할인, 장어는 신세계 포인트 적립 시 30% 할인 판매한다....",1,1,,
103,2020-07-24,"전남 우수 농수산물, 신세계 강남점서 만난다",전남도가 '코로나19'로 인해 판매·유통이 어려운 전남 우수 농수특산물의 판로 개척을 위해 '신세계 강남점'에서 직거래 장터를 운영한다. 24일 전남도에 따르면 신세계 강남점은 하루 평균 20만 명이 방문하고 있으며...,2,1,,
104,2020-07-27,"대구신세계, 청도군과 함께하는 농특산물 판매전",대구 신세계백화점을 찾은 이승율 군수와 군의원 및 관계자들이 지난 25일 '청도복숭아 나눠주기 행사'를 실시했다. /청도군 제공 신세계백화점 대구점은 식품 장르에서 코로나19로 판로확보에 어려움을 겪는 지역...,2,1,,
105,2020-08-06,"스타필드, 전통시장과 함께 지역상생 모델 만들기 나선다","신세계프라퍼티는 스타필드 하남이 6일 하남시사회복지협의회와 전통시장의 경쟁력 강화를 위한 업무협약을... 신세계프라퍼티 임영록 대표는 ""앞으로도 스타필드는 지역과 함께 적극적인 상생활동을 진행하여 우수 상생...",20,1,,라벨 20 --> 2
106,2020-08-06,"전남사랑의열매-진도군, 코로나 극복 ‘개인 기부 활성화’ MOU",앞서 전남사회복지공동모금회에는 지난 4일 광주신세계(대표이사 이동훈)가 매년 폭염으로 어려움을 겪는 소외가정에 시원한 여름나기를 위한 이불 구입비로 1000만 원을 기탁한 바 있다. 전남사회복지공동모금회는...,2,1,,
107,2020-08-06,"스타필드, 전통시장과 함께 지역상생 모델 만들기 나선다",신세계프라퍼티는 스타필드 하남이 6일 하남시사회복지협의회와 전통시장의 경쟁력 강화를 위한 업무협약을 체결하고 지역사회와의 상생에 나선다고 밝혔다. 신세계프라퍼티에 따르면 스타필드 하남에서 열리는 이번...,2,1,,
108,2020-08-10,"신세계그룹, 수해 복구 성금 5억원 기탁","박유니 기자, 신세계그룹은 최근 집중호우로 인한 지역사회의 피해 복구를 위해 성금 5억원을 지원한다.... 앞서 신세계그룹은 전국재해구호협회를 통해 2016년 대구 서문시장 화재, 2019년 강원도 산불과 올해 2월에는...",2,1,,
109,2020-08-10,"신세계그룹, 수해 복구 성금 5억원 기탁","[전국재해구호협회 통해 장마로 인한 수해 복구 성금 5억원 전달] 신세계그룹은 최근 집중호우로 인한... 앞서 신세계그룹은 전국재해구호협회를 통해 2016년 대구 서문시장 화재, 2019년 강원도 산불과 올해 2월에는...",2,1,,
110,2020-08-10,"신세계그룹, 수해 복구 성금 5억 원 기탁","신세계그룹이 최근 집중호우로 인한 지역사회의 피해 복구를 위해 성금 5억 원을 지원한다고 10일 밝혔다.... 앞서 신세계그룹은 전국재해구호협회를 통해 2016년 대구 서문시장 화재, 2019년 강원도 산불과 올해 2월에는...",2,1,,
111,2020-08-11,수재민 아픔 덜어주는 유통·식음료업계,"지난 10일에는 롯데와 신세계그룹도 각각 10억원, 5억원을 수해 지역 지원을 위해 출연하고 기타 계열사들 역시 적극 수해 복구에 힘을 보탤 예정이라고 밝힌 바 있다.",2,1,,
112,2020-08-17,"광주신세계, ‘식사 대신 답례품’으로 고마움을 전하세요",광주신세계(이동훈 대표이사)가 코로나19 장기화로 일상 생활 속 많은 것들을 변화 시키고 있는 비대면 문화 확산세가 급속도록 빨라지고 있다. 또 코로나 바이러스 확산을 막기 위해 '식사보다 답례품 제공하기...,2,1,,
113,2020-08-19,"이마트, 농림축산식품부와 ‘대한민국 농할 갑시다’ 행사 실시",이마트는 이들 8가지 채소를 농림축산식품부 행사상품으로 지정하고 신세계포인트 회원 인증 시 1인당 최대 1만원까지 20% 할인 판매한다. 이마트는 길어진 장마에 채소가격 안정화를 위해 농림축산식품부의 지원은 물론...,2,1,,
114,2020-08-19,광주신세계-시 광역치매센터 '업무협약',광주신세계는 19일 광주광역치매센터와 치매 친화적인 지역사회를 만들기 위한 업무협약을 체결했다. 이날 협약식에는 추일한 광주광역치매 센터장과 이동훈 광주신세계 대표 등이 참석했으며 치매 예방 교육과 치매...,2,1,,
115,2020-08-20,"""장마로 채소값 상승"" 대형마트, 농림부와 손잡고 물가안정 나선다",이마트는 이 채소들을 농림축산식품부 행사상품으로 지정하고 신세계포인트 회원 인증 시 1인당 최대 1만원까지 20% 할인 판매한다. 이마트는 길어진 장마에 채소가격 안정화를 위해 농림축산식품부의 지원은 물론...,2,1,,
116,2020-08-21,"이마트, 26일까지 농산물 할인행사 진행",이번 행사는 긴 장마로 오른 채소 가격을 안정시키기 위한 것입니다. 이마트는 신세계 포인트 회원 인증 시 이들 품목을 1인당 최대 1만 원까지 20% 할인 판매한다고 설명했습니다.,2,1,,
117,2020-08-26,신세계-아트페어로 지역 예술가·화랑 돕고 ‘토요 콘서트’도,"신세계백화점이 지역 아티스트들을 위한 상생 플랫폼이 됐다. 길어지는 집콕으로 무기력해지기 쉬운 요즘, 백화점을 찾는 고객들에게 예술작품으로 힐링의 시간을 선사한 것이다. 올여름 선보인 신세계 아트페어 ‘동행...",2,1,,
118,2020-08-27,[양승룡 칼럼] 못난이 농산물의 명암,‘착한 소비’ ‘정상품 값 하락 영향’ 의견 분분…판촉 지원 신중해야 지난해말 신세계그룹 최고경영자는 유명 방송인의 요청으로 버려질 위기에 처한 강원도 농가의 못난이 감자 30t을 이마트 매장을 통해 완판한 바...,2,1,,
119,2020-08-31,"대구신세계, 산청군과 함께 농축산물 판매전 행사","신세계백화점 대구점은 오는 9월 3일까지 지하 1층에서 네번째 상생장터인 '대구신세계와 산청군이 함께하는 농축산물 판매전'행사&lt;사진&gt;를 진행한다고 31일 밝혔다. 이번 행사에는 산청지역에서 생산되는 약초, 건식품...",2,1,,
120,2020-09-01,마산소방서， 신세계백화점서 민ㆍ관 합동 소방훈련,마산소방서(서장 이길하)는 지난달 31일 소방공무원 및 건물 자위소방대 등 30명과 소방차량 7대가 동원된 가운데 지역 내 방역 소독과 대형화재 취약대상의 대응능력 향상을 위해 마산합포구 소재 신세계백화점...,2,1,,
121,2020-09-01,신세계백화점 대구점 비대면 셀프계산대 오픈,"신세계백화점 대구점은 지하1층 푸드마켓에서 코로나19로 비대면 계산&lt;사진&gt;을 원하는 고객을 위해 셀프계산대를 오픈했다고 1일 밝혔다. 대구신세계에 따르면 기존 대면 계산대는 유지하고, 추가로 셀프계산대를...",2,1,,
122,2020-09-01,"광주신세계, 수해 복구 ‘나눔 바자회’",㈜광주신세계는 1일 수해 복구 지원을 위해 광주사회복지협의회와 함께 9월 한달 동안 나눔 바자회를 개최한다고 밝혔다. 또한 바자회를 통해 마련될 일부 수익금 1천만원을 미리 지원하고자 이날 광주신세계...,2,1,,
123,2020-09-01,찬해유통 등 담양 수재민돕기 구호물품 기부 잇따라,"광주시 소재 찬해유통은 2천만원 상당의 선풍기 300대를 기탁(사진)했으며 신세계사이먼에서 1천만원 상당의 쌀을, ㈜남도금형에서 1천만원 상당의 벽지와 장판을 지원했다. 전남도의회와 민주당도당위원회는 500만원...",2,1,,
124,2020-09-03,이마트 '경북 햇사과' 20% 싸게 판다,신세계포인트 회원 인증 시 1인당 최대 1만원까지 20% 할인 판매하며 '경북 사과'를 20% 할인된 가격으로... 신세계포인트 회원이 행사카드로 캠벨포도 구매 시 50% 할인된 가격으로 구매할 수 있다. 국내산 '캠벨 포도...,2,,1?,
125,2020-09-03,"이마트, 농식품부와 손잡고 금값된 햇사과 할인 판매","신세계포인트 회원 인증 시 1인당 최대 1만원까지 20% 할인 판매하며, '경북 사과(5~8입, 1.5kg/봉)'를... 방식으로, 신세계포인트 회원이 행사카드로 '캠벨포도'를 구매 시 기존 1만8,900원에서 50% 할인된 9,450원에 구매할 수...",2,1,,
126,2020-09-03,경북 햇사과 할인 판매 이마트 9일까지 행사,"&lt;사진&gt; 신세계포인트 회원 인증 시 1인당 최대 1만원까지 20％ 할인 판매하며, '경북 사과(5∼8입, 1.5㎏/봉)'를 9천980원에서 20％ 할인된 7천980원에 구매할 수 있다. 이마트와 농림축산식품부가 함께 사과 가격 안정화에...",2,1,,
127,2020-09-10,"경북 농특산물, 안테나숍서 저렴하게 구매하자","경북도가 추석 명절을 앞두고 14~30일까지 17일간 안테나숍 6곳(대백프라자, 신세계백화점 대구점, 이마트 경산·구미·포항·대구월배점)에서 농촌융복합(6차) 산업제품 추석 특판행사를 연다.10일 경북도에 따르면 이번...",2,1,,
128,2020-09-10,"전통시장·유통업체 ""올 추석특수는 없다""",다만 고가의 명품코너가 많이 포진한 신세계백화점과 현대백화점은 추석 명절과 관계 없이 명품브랜드를 찾는 고정적 고객들이 매출을 올릴 수 있는 여력이 있어 매출 부진은 겪지 않고 있다. 한편 이마트 등 지역...,2,,?,
129,2020-09-14,"곡성군, 백세미 2020년산 첫 수확","전국 신세계백화점 16개소와 온라인 등을 통해 판매되고 있으며, 최근 중국으로 수출 물꼬를 트기도 했다. 소포장이 다양하게 되어 있어 명절 선물 등으로도 인기가 좋다. 올해 첫 수확을 맞아 유 군수는 직접 콤바인에...",2,1,,
130,2020-09-14,지역 우수 제품으로 선물하세요,추석을 앞두고 광주신세계가 오는 29일까지 본격적으로 선물세트 판매 행사에 들어갔다. 특히 이번추석에는... 어려움을 겪고 있는 지역 농어업인을 돕기위해 광주와 전남지역 신선 상품들로 준비했다. &lt;광주신세계 제공&gt;,2,1,,
131,2020-09-22,"대구신세계, 추석 명절 맞아 소외계층 ‘온누리상품권’ 등 전달","대구신세계는 22일 동구청과 제일기독종합사회복지관, 초록우산 어린이재단 등과 이날 저소득 가정 명절 선물 및 동절기 난방비 후원 전달식을 가졌다. [사진제공 = 신세계 대구백화점] [뉴스투데이/대구...",2,1,,
132,2020-10-01,"신세계그룹, 정용진·정유경 남매 분리경영 '가속화'","이명희 신세계그룹 회장은 자신이 보유하고 있던 ㈜이마트와 ㈜신세계 지분을 각각 정용진 신세계그룹 부회장 8.22%, ㈜신세계 지분 8.22%는 정유경 신세계 총괄사장에게 증여한다고 공시했다. 사진 신세계그룹 제공...",3,,1?,
133,2020-10-06,"정용진 “어쩌라고, 벗으래서 벗었다” 노마스크 지적에 반박","정용진 신세계그룹 부회장이 ‘마스크 미착용’을 지적한 보도에 대해 “사진 찍으시는 분이 벗으라고 한... 신세계 관계자는 “정 부회장이 스타필드 안성을 돌아보는 동안, 주변 요청으로 사진을 찍은 짧은 시간을...",3,,?,
134,2020-10-06,"정용진, 마스크 미착용 논란에 ""벗으라는데 #어쩌라고""",정용진 신세계 그룹 부회장이 자신의 사회관계망서비스(SNS)를 통해 '마스크 미착용 논란'에 대해 해명했다.... 신세계그룹 관계자들에 따르면 정 부회장은 사진 촬영을 하는 잠깐의 시간을 제외하고는 계속 마스크를...,3,,?,
135,2020-10-12,친환경 소재 '플리스 리버서블 다운',"대구신세계백화점 6층 코오롱스포츠 매장에선 페트병에서 재추출한 리사이클 폴리에스터 원사를 사용한... 입으면 다운으로, 다운면을 안으로 입으면 겨울용 '뽀글이'로 연출할 수 있는 제품이다. 대구신세계백화점 제공",1,1,,
136,2020-10-13,장성군 대표 과일 '황금사과' 출시,군은 전국 황금사과연구회원을 중심으로 신세계백화점 광주점에서 16일부터 20일까지 직거래행사를 갖는다고 13일 밝혔다. 군의 지원으로 지난해 첫 수확에 성공한 옐로우황금사과는 익었을 때 빨간색이 아닌 노란빛을...,2,1,,
137,2020-10-13,"신세계免, 친환경·고효율 물류 시스템 도입",신세계면세점이 비닐 쓰레기를 대폭 줄이고 인도장에서 빠르게 상품을 찾을 수 있는 새로운 방법을 찾았다.... 신세계가 새롭게 도입한 무빙랙 시스템이 이 문제를 해결했다. 무빙랙은 바퀴 달린 3단 캐비닛으로 이동이...,1,1,,
138,2020-10-15,[미리보는 이데일리신문]대통령 한마디에…벼랑끝 서민 돈줄 막힐판,"정용진 신세계 이마트 부문 깜짝 단행 -“코로나 위기 속 생업 집중” ‘항공의 날’ 조용한 잔치 연다 -연료유 하락, 운임상승…해운업 수익성 점프 -정의선 회장 첫 행보는 ‘수소경제 띄우기’ -디젤, 가솔린, LPG...",2,,0?,
139,2020-10-22,"신세계百, 영국의 '친환경 빨대 파스타' 판매 시작",신세계백화점이 업계 최초로 친환경 ‘빨대 파스타’를 선보인다고 22일 밝혔다.신세계식품관은 영국의 빨대 파스타 브랜드 ‘스트루들즈’를 소개했다. 일회용품 줄이기에 대한 사회적 분위기 때문이다. 스트루들즈의...,1,1,,
140,2020-10-22,"신세계百 ""환경 빨대 파스타 만나보세요""",신세계백화점이 친환경 '빨대 파스타'를 선보인다. 일회용품 줄이기에 대한 고객들의 관심이 증가함에 따라 영국의 빨대 파스타 브랜드 '스트루들즈'를 신세계백화점 식품관에서 소개한다. 스트루들즈의 빨대 파스타는...,1,1,,
141,2020-10-22,"이마트, 생굴 50톤 물량 행사 나선다","이마트가 22일부터 일주일간 신세계포인트 적립 고객을 대상으로 '햇 생굴 250g(봉)'을 3960원에 판매한다. 지난해 10월 중순 생굴 250g에 비해 약 43% 가량 저렴한 수준이다. 이마트는 보통 거제, 통영 등에서 생굴을 주로...",1,1,,
142,2020-10-23,"신세계백화점, 영국 스트루들즈 '빨대 파스타' 도입",22일 서울 중구 소공로 신세계백화점 본점 지하 식품관에서 모델들이 영국 스트루들즈의 '빨대 파스타'를 소개하고 있다. (사진=신세계백화점) 신세계백화점에 파스타 재료로 쓸 수 있는 빨대가 등장했다. 22일...,1,1,,
143,2020-11-04,[뉴스&분석]방향성 제시 사업재개 기대감 신세계 공식입장 없어 불신도,"공개 신세계측 유통여건 등 고려 내년께 세부일정 공개 전망 또다시 말바꾸기 우려도 중구, TF팀 꾸려 접촉 계획 박성민 국회의원(울산 중구)이 최근 울산혁신도시 내 신세계 부지 개발계획안을 공개하면서 8년 만에...",3,0,,
144,2020-11-05,"울산시, 혁신도시와 지역민 함께하는 행사 개최","오는 12일부터 14일까지 중구 혁신도시 내 신세계백화점 용지에서 열리는 이 행사는 울산시와 중구, 한국산업안전보건공단, 한국에너지공단, 울산항만공사가 주최한다. 시민이면 무료로 관람 가능하다. 사전예약제로...",2,1,,
145,2020-11-05,"갈색 팽이버섯, 오마이걸 아린 무아지경 빠트린 맛의 신세계","비즈엔터 홍선화 기자 | ‘맛남의 광장’오마이걸 아린이 게스트로 출연, 갈색 팽이버섯 요리의 신세계가 펼쳐진다. 5일 방송되는 SBS ‘맛남의 광장’에서는 ‘갈색 팽이버섯’이라는 생소한 식재료로 요리 연구에 나선다....",2,,0?,
146,2020-11-09,광주신세계 '착한소비 지원 프로젝트',"국내 최대 쇼핑 축제인 코리아세일페스타 가 오는 15일까지 이어지는 가운데 (주)광주신세계 (대표이사 이동훈)가 '착한소비 지원 프로젝트' 행사를 진행하고 있다. 신세계와 신한카드가 함께 지역 농가, 국내...",2,1,,
147,2020-11-09,"광주신세계, 중기 우수제품 득템마켓 연다",광주신세계는 코리아세일페스타 일환으로 중소기업 우수제품 득템마켓 특별전을 9일부터 22일까지 본관 1층... 이동훈 광주신세계 대표이사는 “이번 특별전은 코로나19로 어려움을 겪고 있는 중소기업들의 판로를...,2,1,,
148,2020-11-09,"광주신세계, ‘중소기업 우수제품 득템마켓 특별전’ 진행","광주신세계(대표이사 이동훈)가 코리아세일페스타 일환으로 중소기업 우수제품 득템마켓 특별전을 오늘... 광주신세계는 그 동안 코로나19로 어려움을 겪고 있는 농수축산물 판매전 행사를 지난 5월부터 곡성, 영암, 함평...",2,1,,
149,2020-11-09,전북 농·생명산업 혁신 고도화··· 코로나발 경제 위기 넘는다,"제품개발을 마친 뒤에도 판로개척 및 홍보에 매진할 수 있도록 신세계몰, 이마트몰, 지마켓, 옥션 등에 자사 제품을 판매하고 있다. 약 10개 업체와 신규계약을 체결하고 납품 협의중에 있으며 베트남과 인도네시아...",2,1,,
150,2020-11-09,"광주신세계, 중소기업 우수제품 득템마켓 특별전","광주신세계, 중소기업 우수제품 득템마켓 특별전 오는 22일까지 본관 1층 매장에서 ㈜광주신세계가 코리아세일페스타 일환으로 중소기업 우수제품 득템마켓 특별전을 오는 22일까지 본관 1층 매장에서 진행한다....",2,1,,
151,2020-11-12,"대구 신세계백화점, 김장김치 후원","대구 신세계백화점은 지난 11일 신천동 제일기독종합사회복지관에서 동구, 복지관, 초록우산어린이 재단과... 신세계 임직원들도 1주일 동안 후원 대상 가정을 찾아 1대 1로 김치를 배달할 예정이다.",2,1,,
152,2020-11-19,"하남시, 신세계건설과 협업 취약계층 ‘집수리 하남’ 10호 환경개선","하남시가 신세계건설(윤명규 대표)과 협업해 덕풍동 취약계층 가구를 대상으로‘집수리 하남?!’10호 가정의 환경개선을 실시했다고 밝혔다. 신세계건설 및 하남시사회복지협의회, 시청직원 등 10명의 봉사자들은 지난...",2,1,,
153,2020-11-20,"패션업계 강타한 '친환경 바람'…""MZ세대 눈길 끈 패딩은?""",버려진 페트병을 재활용해 만든 세이브더덕 '그린 뱃지 컬렉션' 사진=신세계인터내셔날 이중 '패딩'의... 신세계인터내셔날에 따르면 지난 8월 론칭한 이탈리아 패딩 브랜드 '세이브더덕(SAVE THE DUCK)'은 10월 매출이 전월...,1,1,,
154,2020-11-25,"경북 우수 농특산물, 서울 진출…수도권 입맛 공략 나서","경북도의 안테나숍은 대백프라자, 이마트 경산·구미·월배·포항, 신세계백화점 대구점 등 6곳에서 이번 입점으로 7곳으로 늘었다. 이번 롯데백화점 입점은 품질 좋은 제품을 생산하고도 홍보와 판매, 유통에 취약한 지역...",2,1,,
155,2020-11-26,"신세계, 유통 대신 왜 레지던스로 바꾸나?","◀ＡＮＣ▶ 신세계가 울산 혁신도시에 초대형 유통센터를 짓겠다고 땅만 사놓고 방치하면서 피해가 커지고 있는데, 최근에는 주거형 숙박시설인 레지던스를 지을 수 있는지 저울질하고 있습니다. 신세계가 왜 갑자기...",2,0,,
156,2020-12-01,'코로나 경영위기' 신세계 진용 대규모 재편,신세계 면세점 사업을 이끄는 신세계디에프 대표이사에 신세계 영업본부장 유신열 부사장을 내정했다. 사진(유신열 신세계디에프 대표이사)=신세계. 신세계그룹이 백화점 부문 본부장급 임원 70% 이상을 교체하는 큰 폭의...,3,1,?,
157,2020-12-01,"신세계, 임원 20% 줄이고 본부장 70% 전격 교체",코로나19 사태로 큰 충격을 받고 있는 신세계그룹이 백화점 부문 계열사의 부사장급 임원 70% 이상을 교체하는 등 대대적인 물갈이 인사를 단행했다. 1일 신세계그룹에 따르면 이번 정기인사에서 백화점 부문 전체 임원의...,3,1,,
158,2020-12-01,점원 확진 ‘쉬쉬’…광주신세계 백화점 영업 ‘강행’,이렇게 확진자가 급증하는가운데 지역의 최대 유통업체인 광주신세계 백화점에서도 점원이 확진 판정을... [리포트] 광주 신세계 백화점 2층 잡화 매장. 영업시간이지만 출입 통제선이 설치됐습니다. 내부 사정으로 영업을...,2,0,,
159,2020-12-07,"ESG 글로벌 네트워크 구성된다～UN SDGs 협회, 유엔 BP(비즈니스 파트너)로 지...","김앤장법률사무소, 빅히트엔터테인먼트, 우리카드, 대림산업, 넥슨, 스타벅스코리아, 이마트, 신세계, 효성티앤씨, 한국거래소, 경동나비엔, 쿠팡 등을 각 분야 ESG 우수기업, 친환경 인증기업으로 선정했다.",1,1,,
160,2020-12-07,코로나19로 쓰레기 대란…‘썩는 플라스틱’ 개발 경쟁,"포장재를 신세계TV쇼핑 등에 납품하고 있다. 썩는 정도나 질감은 종이와 비슷하지만, 종이에 비해 물에... 신세계푸드도 택배 배송 등에 포함되는 아이스팩을 친환경 제품으로 사용하고 있다. 자체개발한 아이스팩...",1,1,,
161,2020-12-07,70년대생 임원 대거 발탁…파격·안정속 신사업 속도,전체 임원의 20%가량이 퇴임한 신세계의 경우도 50대 대표를 앞세워 체질 개선과 쇄신에 나섰습니다. 연말로 예정된 현대차그룹의 인사에서도 올해 50살인 정의선 회장 체제에 맞춰 세대교체가 이뤄질 가능성이...,3,1,,
162,2020-12-14,'럭셔리 라방'도 선점...명품 문턱 낮추는 신세계인터내셔날,"출처=신세계인터내셔날 신세계인터내셔날(031430)이 콧대 높던 명품 문턱을 낮추고 있다. 쇼핑 패러다임을 바꿔 나를 위한 소비에 아낌없이 지갑을 여는 MZ세대(밀레니얼+Z세대)를 공략하는가 하면, 명품과 소비자간...",3,,0?,라벨 3-->2?
163,2020-12-16,"스타필드, 소상공인 및 중소기업 입점업체 임대료 최대 40% 인하","신세계프라퍼티는 사회적 거리두기 2.5단계 격상에 따라 어려움이 가중되고 있는 스타필드(하남, 고양, 안성... 신세계프라퍼티 임영록 대표이사는 ""코로나19로 인한 입점 테넌트(tenant 임차인 입점업체)의 어려움과...",2,1,,
164,2020-12-17,"대구신세계 , 지역 어린이 300명에 ‘크리스마스 선물’ 전달","왼쪽부터 김동환 초록우산어린이재단 대구지역 본부장, 손진호 칠곡경북대학교 병원장, 백관근 대구신세계 점장이 어린이들에게 전달될 선물을 선보이고 있다. [사진제공 = 신세계 대구백화점] 신세계 대구백화점(이하...",2,1,,
165,2020-12-17,"신세계, 대기업의 '사회적 책무' 상기해야",이처럼 지금의 울산혁신도시에서 드러난 정주여건의 부정적 인식에는 당초 약속을 제대로 이행하지 않고 있는 유통대기업 신세계의 책임을 간과할 수 없다. 지난 2013년 신세계측이 혁신도시 내...,3,0,,
166,2020-12-17,"대구 신세계 산타원정대, 6천7백만원 상당 선물 전달","대구신세계가 지난 16일 지역 4개 종합병원 및 어린이재단을 대상으로 산타원정대 선물을 전달했다. 사진은 왼쪽부터 김동환 초록우산어린이재단 대구지역 본부장, 손진호 칠곡경북대학교 병원장, 백관근 대구신세계...",2,1,,
167,2020-12-18,동물복지 우유 들어보셨나요?…레드오션 뛰어든 유통업계 후발주자 성공전략,"SSG닷컴은 올해 들어 스타필드 공식 스토어, 스타벅스 온라인샵 등을 개설하고 신세계그룹의 오프라인 매장 상품을 온라인으로 들여왔다. 오프라인 유통에서 축적한 신선식품 노하우와 데이터베이스 등 그룹의 강점을...",1,1,,
168,2020-12-18,"정용진, 유튜브서 배추뽑고 요리하고…이마트 홍보 '톡톡'",정용진 신세계그룹 부회장이 이마트 유튜브에 등장해 모델 역할을 톡톡히 했다. 앞서 스타벅스 유튜브에서 친근하고 털털한 모습을 보인데 이어 이마트 홍보 영상에 직접 출연해 연기까지 선보였다. 이마트는 지난 17일...,2,,0?,라벨 2?3?
169,2020-12-18,"[에코뷰 #13] 폐기물, 처리하는 것이 아니라 관리하는 것.","현재는 삼성웰스토리, GS리테일, 신세계푸드 등 대기업의 음식물 폐기물 관리 서비스를 맡고 있으며, 이후 다양한 산업 폐기물 영역으로 서비스를 확장할 계획이다. 리소스 커넥터(Resource Connector) ‘리코’, 자원을...",1,1,,
170,2020-12-18,롯데· CJ·이마트 생존전략…사업 접거나 합치거나,"통해 마련한 자금들은 신사업 등에 적극 투자되고 있습니다. 이마트는 트레이더스 점포를 현 19개에서 6개 더 열기로 했고, 신세계그룹은 스타필드 수원점, 청라점 등 신설을 추진하고 있습니다. SBSCNBC 박규준입니다.",2,,1?,라벨2?
171,2020-12-22,"대구신세계 '선물, 예술이 되다'…25일까지 크리스마스 선물 포장서비스","대구 신세계백화점은 25일까지 '소중한 분을 더 기쁘게, 선물을 더 가치롭게 포장하여 선물해 보세요!'라는 슬로건으로 크리스마스 선물 포장서비스 행사를 한다. /대구 신세계백화점 제공 신세계백화점 대구점은...",2,,1?,
172,2020-12-22,"신세계百, 크리스마스 무료 선물 포장 서비스 진행",신세계백화점이 오는 25일까지 전 점에서 '크리스마스 무료 선물 포장 서비스'를 제공한다. 신세계가 선물 포장 전문업체 '황인자 포장 연구소'와 함께 선보이는 이번 서비스는 당일 신세계 제휴카드로 10만원 이상 구매 시...,2,,1?,
173,2020-12-22,"신세계, 무료 선물포장 서비스 운영",크리스마스를 맞아 신세계백화점이 오는 25일까지 전국 전 점에서 ‘크리스마스 무료 선물 포장 서비스’를 제공한다. 이번 서비스는 당일 신세계 제휴카드로 10만원 이상 구매 시 이용할 수 있다.&lt;신세계백화점 제공&gt;,2,,1?,
174,2020-12-22,“나만의 인생 뷰티 규칙...” MZ세대 설문으로 탄생한 화장품 '로이비',신세계인터내셔날이 MZ세대(밀레니얼세대와 Z세대) 맞춤형 뷰티 브랜드를 출시하며 화장품 사업을... 우리나라 전체 인구의 34.7%를 차지하는 MZ세대를 공략해 화장품 사업의 고속 성장을 이어간다는 계획이다.신세계인터...,2,,?,라벨2?
175,2020-12-23,"스타필드 고양, 공공도서관 '별꿈도서관' 개관",신세계프라퍼티의 스타필드 고양이 지역민을 위해 자연 속에서 책과 쉼을 누리며 힐링을 즐길 수 있도록 공공도서관을 설립해 고양시에 기부한 '별꿈도서관' 개관했습니다. 이번 도서관 설립은 스타필드 고양이 지역사회...,2,1,,
176,2020-12-24,"""'자가격리' 산타 대신에 우리가"" … 대구신세계, 산타원정대 케익나눔 행사",대구시 동구에 위치한 제일기독종합사회복지관은 24일 크리스마스를 앞두고 대구신세계와 함께 지역 홀몸노인과 저소득 청소년들을 대상으로 '케익 나눔' 행사를 마련했다고 밝혔다. 매년 대구신세계는 산타원정대의...,2,1,,
177,2020-12-24,'HMR·노브랜드버거' 강화... 재기 발판 마련한 신세계푸드,"급식·식자재 유통 사업에서 B2C 사업 강화 HMR 브랜드 '올반' 전년比 매출 34%↑ 노브랜드버거, 미래 성장 동력 역할로 주목 [시장경제=김보라 기자] 사진= 신세계푸드 신세계푸드가 사업다각화와 외식업 체질 개선으로...",3,,1?,
178,2020-12-24,"""이런 재벌 처음이야""…정용진은 왜 배추전을 부쳤나 [이지효의 플러스 PICK]","# 정용진의 `매직` 마지막 키워드는 ""정용진의 `매직`""인데, 정용진 신세계그룹 부회장의 얘기인가요? &lt;기자... 이 신세계조선호텔이 만든 유니짜장·삼성짬뽕 밀키트가, 지난 8월말 SSG닷컴에서 출시한지 100일 만에 총 10만개...",2,,?,
179,2020-12-25,"성탄절 장애아동 손 잡은 백군기 ""행복한 크리스마스 되길""","ⓒ 백군기 시장 페이스북 선물은 ㈜에바텍코리아에서 기부한 패딩과 신세계교회, ㈜한국앱티브, 구갈동주민자치위원회, 신갈백옥라이온스클럽, 해피빈에서 기탁한 기금으로 마련했다. 처인구...",2,1,,
180,2020-12-28,고창군민이 뽑은 올해의 최고 뉴스는 ‘농민수당’,"가락농수산시장에서도 5만5000원(2덩이)에 낙찰, 멜론 마이스터 정재용씨가 재배한 고창황토 멜론이 신세계백화점에서 3만9800원에 판매되면서 프리미엄의 가치를 톡톡히 누려. 10.고창식초문화도시, 발효식초 산업선도...",2,1,,
181,2020-12-28,"광주신세계, 지역문화발전 지원 광주비엔날레 후원금 1억 전달",㈜광주신세계가 코로나19 여파로 어려운 상황 속에서도 지역 문화예술 발전을 위해 제13회 광주비엔날레 후원금 1억원을 전달했다. ㈜광주신세계는 지난 24일 오전 광주시청 3층 접견실에서 (재)광주비엔날레 이사장인...,2,1,,
182,2020-12-29,"정용진·유경, 증여세 2962억 5년간 분할 납부한다",정용진 신세계그룹 부회장과 정유경 신세계 백화점 총괄사장이 어머니 이명희 신세계그룹 회장에게서 받은 지분에 대한 증여세 2962억원을 5년간 분할 납부하기로 했다. 29일 금융감독원 전자공시시스템에 따르면...,2,,1?,
183,2020-12-29,"신세계 정용진·유경 남매, 증여세 2962억 5년간 분할 납부","신세계그룹 이명희 회장, 정용진 부회장, 정유경 총괄사장. 신세계 제공 정용진 신세계그룹 부회장과 정유경 신세계 총괄사장이 어머니 이명희 신세계그룹 회장에게서 받은 지분에 대한 증여세 2962억원을 5년간...",2,1,,
184,2020-12-29,"신세계 정용진·정유경, 증여세 3000억원 5년간 분할납부키로","이마트와 신세계는 정용진 신세계그룹 부회장과 정유경 신세계 총괄사장이 어머니인 이명희 신세계그룹 회장에게서 받은 지분에 대한 증여세 2,962억원을 5년간 분할 납부키로 했다고 29일 밝혔다. 이마트는 이날 정...",2,1,,
185,2020-12-29,신세계 정용진·정유경 남매…증여세 2962억원 5년간 납부,정용진 신세계그룹 부회장과 정유경 신세계 총괄사장이 증여세 2962억원을 5년간 분할 납부키로 했다고 29일 이마트와 신세계가 각각 공시했다. 이마트는 정 부회장이 보유 주식 140만주(5.02%)를 분당세무서에...,2,1,,
186,2020-12-29,"정용진·정유경 남매, 증여세 2962억 5년간 분할 납부",정용진 신세계그룹 부회장과 정유경 신세계 총괄사장이 어머니 이명희 신세계그룹 회장에게서 받은 지분에 대한 증여세 2962억원을 5년간 분할 납부하기로 했다. 이마트와 신세계는 29일 각각 이 같은 내용을...,2,1,,
187,2020-12-29,"신세계 정용진·정유경, 증여세 2962억 5년간 분할 납부",뉴스토마토 = 홍연 기자 | 정용진 신세계그룹 부회장과 정유경 신세계 총괄사장이 어머니 이명희 신세계그룹 회장에게서 받은 지분에 대한 증여세 2962억원을 5년간 분할 납부하기로 했다. 이마트와 신세계는 29일...,2,1,,
188,2020-12-29,"포항, 음식물쓰레기 감량 등 우수 공동주택 선발","이번 시상식은 코로나19 확산 방지를 위해 우수 공동주택을 직접 찾아가는 방문시상식으로 진행했으며, 최우수상에는 양덕 삼구트리니엔아파트 외 3개소, 우수상은 오천 우방2차 신세계 외 9개소가 선정돼 시상금으로...",1,1,,
189,2020-12-31,"[베타 투자리포트] 신세계푸드, 사업구조재편 시작","▲(사진=네이버 증권정보 갈무리) 한화투자증권이 신세계푸드에 대해 투자의견 매수와 목표 주가 8만원을 제시했다. 남성현 한화투자증권 연구원은 ""신세계푸드의 사업구조 재편은 가속화될 것으로 판단한다""ㅁ녀서...",3,1,,
190,2020-12-31,"SSG닷컴, 최대 68% 할인 판매",신세계그룹 통합 쇼핑몰 SSG닷컴은 새해를 맞아 이달 6일까지 각종 제품을 최대 68% 할인 판매한다. SSG닷컴에 따르면 이 기간 한우 불고기·국거리·구이용 상품을 30% 저렴하게 판매한다. 눈 건강에 도움이 되는 루테인...,2,,?,
191,2021-01-01,"`사즉생` 유통 오너들…""더이상 물러설 곳이 없다""","롯데와 신세계, CJ, 현대백화점 등 기존 유통그룹 총수들이 연말 임직원 회의에서 내놓은 메시지는... 최근 쇼핑몰과 호텔 등 그룹 새 오픈 매장 예정지를 잇달아 찾는 현장경영을 이어가는 정용진 신세계그룹 부회장은...",3,,?,
192,2021-01-01,[전망] 위드 코로나! 2021년 패션 비즈니스를 관통할 트렌드 키워드 10,지난 11월 정용진 신세계 부회장은 드라마 커머스(drama commerce) 사업에 본격적으로 뛰어든다고 밝혔다.... 이를 위해 신세계는 지난해 상반기에 콘텐츠 회사를 설립·인수했다. 4월엔 260억원을 출자해 콘텐츠 회사...,2,,1?,3?
193,2021-01-04,"신세계 정용진 부회장 ""코로나발 시장환경 재편 가속…기회 잡자""","신세계그룹 정용진 부회장 정용진 신세계그룹 부회장이 ""지지 않는 싸움을 하겠다는 과거의 관성을 버리고 반드시 이기는 한 해를 만들자""고 강조했다. 정 부회장은 4일 신년사를 통해 ""흑사병이 유럽을 휩쓸고 지나간...",3,,?,
194,2021-01-05,산청 신세계건설㈜ 향토장학금 기탁,"산청지역 향토기업인 신세계건설㈜(대표 김규봉)이 5일 산청군향토장학회에 300만원의 장학금을 기탁했다. 김규봉 대표는 ""지역학생들이 다양한 꿈을 갖고 학업에 열중해 지역사회 주역이 되기를 바란다""며""앞으로도...",2,1,,
195,2021-01-05,"산청 신세계건설, 향토장학금 300만 원 기탁","산청군 향토기업인 신세계건설(주)(대표 김규봉)이 5일 군향토장학회를 방문, 지역 교육 발전과 인재육성을 위해 써 달라며 장학금 300만 원을 기탁했다.",2,1,,
196,2021-01-05,"광주신세계, 코로나19 극복 캠페인 수익금 1천만 원 전달",㈜광주신세계(대표이사 이동훈)는 코로나19로 지친 분들을 위로하고 응원하기 위해 1월 한 달간 1층... ㈜광주신세계는 1월 한 달간 캠페인을 통해 마련될 수익금 1천만 원을 5일 광주신세계 대표이사실에서 대한적십자사...,2,1,,
197,2021-01-05,"시흥 프리미엄아울렛, 불우이웃 지원 성금 5천만원 쾌척",신세계사이먼(대표이사·조창현) 시흥 프리미엄아울렛 서찬우 점장 등은 5일 오전 시흥시청을 방문해 임병택... 지난 2017년 시흥시 정왕동 배곧신도시에서 문을 연 신세계사이먼 시흥 프리미엄아울렛은 소외계층 지원은...,2,1,,
198,2021-01-06,"이마트 과감한 외부인재 수혈 내걸어, 정용진 '늘 새로운 신세계' 원해",정용진 신세계그룹 부회장이 외부인재 영입을 내걸었다. 코로나19에 따른 유통업의 어려움을 극복하고 경직된 기업문화를 바꾸는 길은 외부 수혈이라는 것이다. 정용진 신세계그룹 부회장. 6일 신세계그룹 관계자의 말을...,3,1,,라벨 3-->2?
199,2021-01-07,"광주신세계, 코로나 극복 캠페인 수익금 전달",광주신세계는 지난 5일 코로나19 극복 캠페인 수익금 1천만원을 대한적십자사 광주전남지사에 전달했다고 7일 밝혔다. 이번 수익금은 광주신세계 1층 이벤트홀에서 대한적십자사 광주전남지사와 함께 ‘코로나19로 지친...,2,1,,
200,2021-01-07,달라진 명절 문화…“비대면으로 마음 전한다”,7일 지역 유통업계에 따르면 광주신세계는 이달 8일부터 24일까지 총 17일간 ‘2021년 설 선물세트’ 예약... 신세계는 또 온라인 전용 상품을 지난 설 보다 2배 이상 확대해 선보인다. 예약 판매 역대 최대 규모인 355개...,2,,0?,
201,2021-01-11,"'유튜버' 정용진, 이마트 채널서 'YJ로그' 첫 영상 공개...배추밭에 간 까닭은...",정용진 신세계그룹 부회장이 공식 유튜브 'YJ로그' 첫 영상으로 '배추밭 비하인드'를 공개했다. YJ로그는... 판매량이 급증하며 인기상품으로 등극했다. 이마트 유튜브에 출연한 정용진 신세계그룹 부회장. [사진=신세계그룹],2,1,?,
202,2021-01-11,"‘마트맨 YJ’ 유튜버 정용진, 배추밭 비하인드 공개",정용진 신세계그룹 부회장이 이마트 공식 유튜브 채널를 통해 유튜버 활동을 시작했다. 11일 이마트 공식 유튜브 계정 ‘이마트LIVE’에는 ‘YJ로그’라는 이름으로 정 부회장의 영상이 공개됐다. YJ는 정 부회장의 이름...,2,1,,
203,2021-01-12,"신세계 정용진 재래시장서 ""뭐 하시는 분? 셰프?"" 질문에 답은","전남 해남의 한 재래시장에서 직접 장을 보던 정용진 신세계 부회장이 ""뭐 하시는 분이냐""는 질문에 ""장사한다""고 답변했다. 지난 11일 이마트 공식 유튜브 채널 '이마트 LIVE’에는 '배추밭 비하인드와 시장에서 장 본...",2,1,,
204,2021-01-12,[미리보는 이데일리 신문]강남 재건축 안 풀면 서울 주택난 못 푼다,소통의 신세계 연 정용진 부회장 -산재사망사고 사업주에 최대 징역 10년6개월 △ 3면 -“이익 분배 대상과 기준이 뭐냐”...불명확한 개념에 재계 ‘당혹’ -與 “대기업·금융사 펀드 구성해 피해 계층 지원 고민”...,2,1,,
205,2021-01-12,[슬기로운 해독뉴스 119] 재래시장 상인 “넌 누구냐?” 정용진 “저요? 장사...,"장사해요” 정용진 신세계그룹 부회장이 이마트 유튜브 촬영차 방문한 전남 재래시장에서 ""누구냐""는 질문을 받고 ""장사한다""고 답변했다. 12일 이마트는 유튜브 채널 '이마트 라이브'에 정 부회장이 전남 해남군...",2,1,,
206,2021-01-12,즉석에서 배추 2행시까지…유튜버로 나선 회장님들,"이런 흔한 공약이 화제가 된 건, 여기서 ‘와이제이’가 정용진 신세계 부회장을 가리키기 때문이다. 이 공약은 지난 11일 이마트 공식 유튜브 ‘이마트 라이브(live)’에 정 부회장이 등장한 두번째 영상에 게재됐다. 이번...",2,1,,
207,2021-01-12,"정용진, 뭐하는 분이시냐 질문에 ""저요? 장사해요""",개인 소셜네트워크서비스(SNS)에서 평소 관심사를 알리면서 대중들에게 친숙한 이미지를 심어온 정용진 신세계 부회장이 이마트 공식 SNS에 출연해 회사 공식 홍보대사 역할도 자처하고 있다. 12일 이마트 공식 유튜브...,2,1,,
208,2021-01-15,"""구조조정 vs 투자""…반대 노선에 '희비' 엇갈린 롯데·이마트, 올해는?","정용진 신세계그룹 부회장. 사진=신세계 특히 이마트는 올해 신세계그룹의 오프라인 강점을 온라인상에서 구현하는 전략에 힘을 쏟을 것으로 보인다. 정용진 신세계그룹 부회장이 지난 4일 발표한 신년사에서 ""온...",2,1,,
209,2021-01-19,"신세계, 소상공인과 손 잡고 설 기획전 연다",먼저 신세계그룹의 통합 온라인 쇼핑몰인 SSG닷컴은 설을 앞두고 소상공인과 함께 할인 행사를 실시한다. 이번 행사는 지난해 추석에 이어 올 설에도 '언택트 명절'을 준비하는 중소 협력업체에게 안정적인 판로를...,2,1,,
210,2021-01-20,"CEO들, SNS 소통 활발... ""유튜버로 불러주세요""",신세계 정용진 부회장 출연 이마트 LIVE 채널 / 블루원 윤재연 CEO '공 때리는 언니' 유튜브 채널 코로나19... 유튜브를 통해 가장 눈에 띄는 활동을 하고 있는 CEO는 정용진 신세계그룹 부회장이다. 그는 최근 스타벅스 공식...,2,1,,
211,2021-01-22,"신세계그룹, 중소협력사 납품대금 4900억원 조기 지급","신세계그룹이 2021년 설 명절을 앞두고 중소 협력회사의 납품대금을 조기 지급한다. 납품 대금 규모는 13... 각 사별 조기 지급 대금 규모는 이마트가 750여개 협력사에 약 1,400억원, 신세계 백화점이 3,800여개...",2,1,,
212,2021-01-25,"신세계그룹, 설 명절 앞두고 중소협력사 납품대금 4900억원 조기 지급한다","신세계그룹 신세계그룹이 2021년 설 명절을 앞두고 중소 협력회사의 납품대금을 조기 지급한다. 이번에 조기 지급하는 납품 대금의 규모는 13,220개 협력사에 총 4,900억원이다. 신세계그룹은 코로나19로 어려움을...",2,1,,
213,2021-01-28,"'맛남의 광장' 백종원X방탄소년단, K-햄 홍보 ""양돈 농가 살리기""[★밤TView]","한돈 협회장과 마트 유통 관계자, 신세계 정용진 부회장 모두 한 마음 모아 ""양돈 농가를 돕겠다""며 K-햄 유통에 적극 협조했다. 이어 마지막으로 백종원이 가장 공들인 영업 보스로는 방탄소년단이 꼽혔다. 한류를...",2,1,,
214,2021-01-28,"[종합] '맛남의 광장' 한돈 농가 돕기, 백종원 'K-햄 제작'...BTS(방탄소년단...","'맛남의 광장'의 공식 키다리 아저씨인 신세계 전용진 부회장에겐 미리 연락했다고. 전용진 부회장은 ""직원들 식사에도 햄을 사용하고 개인적으로도 구입해서 선물하도록 하겠다.""고 밝혔다. 최종 보스로는 BTS가 뽑혔다....",2,1,,
215,2021-01-28,"'맛남의 광장' 백종원X방탄소년단 콜라보, 뷔 ""사인 부탁드려도 될까요?"" [종...","제약 회사 이사, 배달앱 부대표, 신세계 부대표 정용진에게 연락을 했고, 마지막엔 방탄소년단 RM에게 전화했다. 백종원이 ""전화로 부탁해서 미안해서 어쩌냐""고 걱정하자, RM ""우리 전화로 부탁 받는 거 좋아한다""며 ""우리...",2,1,,
216,2021-01-28,"'맛남의 광장' 백종원, 정용진·방탄소년단에 한돈 도움 요청...영업왕 변신(...","그 지인 목록에는 신세계 정용진 부회장과 방탄소년단도 있었다. 백종원은 방탄소년단에게 전화해 ""부탁해서 어쩌지. 방탄소년단이 햄을 맛있게 먹는 걸 보여주면 홍보에 도움이 될 것 같다""라고 말하며 사정을...",2,1,,
217,2021-01-28,"'맛남의 광장' 백종원, 정용진 이어 방탄소년단에도 영업 ""한돈 K-햄 소비 부...","이어 배달앱 박해웅 부대표, 정용진 신세계 부회장 등 기업 영업으로만 94.6톤을 소비해 깜짝 놀라게 했다. 하지만 백종원은 ""이게 제일 중요한데. 여기가 돼야 하는데""라며 긴장한 상태로 어디론가 연락을 했다. 주인공은...",2,1,,
218,2021-01-28,이해진·정용진 깜짝미팅…무슨말 오갔나,이재훈 기자 yes@ajunews.com 이해진 네이버 GIO와 정용진 신세계그룹 부회장.[사진=각사 제공] 네이버와 신세계가 손을 잡는다. 이해진 네이버 글로벌투자책임자(GIO·54)와 정용진 신세계그룹 부회장(53)이 상호 동맹을 맺기...,3,1,,
219,2021-01-28,경북도 “명절 선물은 안테나숍에서 구매하세요”,"경북도가 설 명절을 앞두고 28일부터 다음달 12일까지 안테나숍 7곳(대백프라자, 이마트 경산·구미·포항·월배점, 신세계백화점 대구점, 롯데백화점 영등포점)에서 6차산업 제품 설맞이 특판행사를 연다.특판...",2,1,,
220,2021-01-29,요즘 정신 없이 바쁜 '용진이형'이 쉬러 간 곳은?,"고창 '상하농원' 방문 사진 인스타에 올려 28일 정용진 신세계 부회장의 인스타그램에 한 농장의 모습이 담긴 사진 몇 장이 올라왔다. 구름 낀 날씨 아래 가지런히 펼쳐진 초록빛 밭과 양 가족이 모여있는 축사 사진, 소들이...",3,,1?,
221,2021-01-29,"[토요워치] ""오늘은···"" 회장님 일기장 된 SNS","세계에서 가장 부유한 사람으로 꼽히는 일론 머스크 테슬라 최고경영자(CEO)와 손정의 소프트뱅크그룹 회장, 정용진 신세계그룹 부회장과 박용만 대한상공회의소 회장은 ‘이것’에 빠져 있다. 바로 소셜네트워크서비스...",3,1,,
222,2021-02-03,"""이번 설, 수산물 선물로 어업인 응원하세요""","한편 이와 관련해 홍진근 수협중앙회 대표이사는 지난달 28일 명절 맞이로 분주한 신세계백화점 수협 매장을 방문해 수산물 수급 상황을 점검했다. 홍 대표이사는 ""이번 수산물 상한액 가액 결정이 코로나19 장기화로...",2,1,,
223,2021-02-03,"대구 동구, 지역 우수식품 전국 홍보","이는 지난해 12월 대구 신세계백화점에서 우수 생산식품에 대한 홍보·판매 기회를 제공한 이후, 지속적으로 지역의 중·소 식품업체를 지원하기 위한 노력의 일환으로 마련됐다. 관련 식품은 팔공김치(대표자 김태종) 등...",2,1,,
224,2021-02-04,"울산 중구 ""신세계 혁신도시 내 개발 재확인""","-중구, 신세계 본점 찾아 백화점 부지 개발 관련 간담회 -상반기 주거·판매, 문화시설 포함 기본계획 수립... 완료' 신세계가 울산 중구 혁신도시 내 백화점 부지 개발계획 수립 시간표다. 이 시간표는 울산 중구 관계자가...",2,1,,
225,2021-02-04,"'나영석X정용진' 둘이 일을 벌이더니, 진짜로 이렇게 돼버렸다 (결말)","지난해 유희열이 유튜브 라이브에서 남긴 공약이 젝스키스를 위한 발라드 제작으로 이어졌고, 젝스키스 멤버 이재진의 아이디어와 나영석 PD 기획력이 정용진 신세계 부회장 인스타그램에 닿아 결국 '이마트 신곡...",3,1,,
226,2021-02-08,오비스에서 설 선물 '천연성분 산양유 고체비누' 판매,신세계백화점 대구점은 7층 생활장르 '오비스'브랜드에서 최근 인기가 많은 '천연성분 산양유 고체비누'를 설 선물로 판매하고 있다. 오스트리아 청정 자연환경에서 키워진 산양에게서 얻은 깨끗한 원유로...,1,1,,
227,2021-02-10,"대구시, 유튜브 '新대구' 공개",대구시가 영화 '신세계'를 패러디한 유튜브 영상 '新대구'를 공개해 조회 수 14만 회 이상을 기록하고 있다. 영화 '신세계'의 명장면들에 코로나19로 인해 대구에서 최초로 시행했던 'D-방역 모범사례들'과 '대구홍보 요소들...,2,0,신세계 관련 기사 아님,
228,2021-02-10,"신세계면세점, SNS 홍보 담당자에 캐릭터 ‘심삿갖’ 채용",신세계면세점 가상 캐릭터 김삿갖 (사진출처: 신세계면세점)신세계면세점은 최근 공식 인스타그램 채널의 마케팅을 이끌어 갈 가상의 담당자로 심삿갖 캐릭터를 새롭게 선보였다.신세계면세점의 초성 'ㅅㅅㄱㅁㅅㅈ'을...,2,,?,
229,2021-02-12,"최태원 SK 회장, ESG경영 정보량 1위",그 뒤를 이어 △김승연 한화그룹 회장 △김범수 카카오 의장 △신동빈 롯데그룹 회장 △구광모 LG그룹 회장 △조현준 효성그룹 회장 △허태수 GS그룹 회장 △정용진 신세계그룹 부회장 △정지선 현대백화점그룹 회장...,3,1,,
230,2021-02-12,'리필경제' 주목하는 유통업계,12일 유통업계에 따르면 신세계백화점은 업계 최초로 세제 리필 스테이션을 만들었다. 신세계백화점 본점 지하 1층에 위치한 세탁세제·섬유유연제 리필 공간 '에코스토어 리필 스테이션'은 뉴질랜드 친환경 세제...,1,1,,
231,2021-02-15,비대면 소비 확산·구독 경제 트렌드…온라인 식품시장 거래 40조원 돌파,가정간편식을 찾는 소비자가 늘자 신세계푸드는 올해 온라인용 소포장 육류 간편식 제품을 기존 23종에서 30여종으로 늘릴 계획이다. 육류로 유명한 맛집들과 협업해 간편식을 개발하고 이를 온라인으로 판매한다는...,2,1,,
232,2021-02-16,코로나19 속 기사 회생 19개 기업 숨은 비결,장사하는데요.” 이마트 유튜브 채널 ‘이마트 Live’에 출연한 정용진 신세계그룹 부회장이 시장 상인이 묻는 말에 한 대답이다. 평소 인스타그램 등 SNS에서 친근한 이미지를 만들어온 정용진 부회장은 본인이...,2,1,,
233,2021-02-18,"춘천 콩과 태양초로 만든 고추장, 전국에서 ‘으뜸’","대상에 선정됨에 따라 ‘콩이랑 상걸리 전통장’ 한식 고추장은 신세계백화점 기획행사 ‘참발효마켓@신세계백화점’에서 전시 판매될 예정이며, 시상식은 오는 26일 YouTube@내일의식탁에서 진행된다. 또 1년간...",1,1,,
234,2021-02-18,‘자연’이 백화점에 들어왔다,채광 즐길 수 있는 ‘더현대 서울’ 호수·휴양림 낀 ‘롯데 의왕점’ 전망대·정원 갖춘 ‘신세계 대전’ 불문율 깬 파격 휴식 공간 제공 “기존 백화점은 깨끗이 잊어라.” 롯데·현대·신세계 등 ‘빅3’ 백화점 업체가...,1,1,,
235,2021-03-02,이마트·SSG닷컴 삼겹살 등 최대 50％ 할인,"신세계포인트 회원의 경우 농림축산식품부와 함께하는 '농할갑시다' 추가 20％ 할인혜택을 적용 받을 수 있다. 이 경우최종 할인률은 50％가 되며, 판매가는 970원이다. 이와 함께 브랜드돈육을 포함한 각종 축산물도...",2,1,,
236,2021-03-04,"적자 못버텼다...이마트, 결국 '제주소주' 사업 접는다","4일 신세계그룹과 업계 등에 따르면 이마트 자회사 제주소주는 전날 임직원 설명회를 열고 사업을 접기로 최종 결정했다. 제주소주는 이날 공장 생산도 중단했다. 신세계그룹 관계자는 ""제주소주가 공장 생산을...",3,0,,
237,2021-03-04,"신세계, 제주소주 생산 중단...인수 5년만에 '사업 철수' 결정",신세계엘앤비가 특허청에 제출한 새 맥주 '렛츠 프레시 투데이' 로고 모습 신세계그룹이 지난 2016년 인수한 제주소주를 정리한다. 정용진 부회장이 주도한 소주사업을 인수 5년 만에 접는 것이다. 4일 신세계와 업계...,3,0,,
238,2021-03-04,"신세계, 제주소주 인수 5년만에 사업 철수","신세계그룹이 5년전 야심차게 추진했던 소주 사업을 접는다. 4일 업계에 따르면 신세계 그룹은 전일 제주소주 공장 가동을 중단하고, 임직원을 대상으로 사업 철수와 고용 문제 등과 관련한 설명회를 진행했다....",3,0,,
239,2021-03-04,"신세계, 제주소주 사업 접는다",신세계그룹이 제주소주 사업을 접는다. 신세계그룹은 4일 “제주소주 사업을 철수하기로 했다”고 밝혔다. 이로써 신세계그룹이 2016년 189억원을 들여 인수한 제주소주는 5년 만에 문을 닫게 됐다. 제주소주는 한때...,3,0,,
240,2021-03-05,‘제주소주’ 사업 철회…지역 경제 파장은?,"대기업 신세계 이마트가 '푸른밤' 소주를 생산·판매하는 자회사 제주소주의 사업 철수를 결정했습니다.... '제주소주'를 인수했던 신세계 이마트가 사업 철수를 결정했기 때문입니다. 2016년 12월, 제주소주를 전격 인수한...",5,0,,
241,2021-03-08,"대구신세계百, 봄 맞이 '바람개비 정원'","대구신세계백화점은 봄을 맞아 1층과 5층 매장, 9층 쥬라지 옥상공원에 '바람개비 정원'을 조성했다. 핑크·화이트·그린·옐로우톤의 바람개비가 바람을 타고 돌며 봄 분위기를 전하는 모습을 연출했다. 대구신세계백화점...",2,,1?,
242,2021-03-09,꽃 소비촉진 ‘단비’…시든 농심 다시 피다,"연초에는 NH농협 영암군지부(지부장 문수전)의 주선으로 광주광역시 신세계백화점에서 꽃 홍보를 겸한 판촉행사를 열었다. 농협의 취지에 공감해 백화점 측에서 적극적으로 협조해줬고, 소비자들의 반응도 좋아 준비해간...",2,1,,
243,2021-03-09,네이버·이마트 ‘이커머스 생태계’ 뒤흔들까…지분교환 논의,두 기업 동맹의 출발점은 정용진 신세계그룹 부회장과 강희석 이마트 대표가 지난 1월 경기 성남시 네이버 사옥을 찾아 한성숙 네이버 대표와 이해진 네이버 글로벌투자책임자(GIO)를 만난 자리였다. 이 자리에서 양측은...,3,,1?,
244,2021-03-09,"네이버, 이마트와 '지분 혈맹'… 검색쇼핑 독주 굳힌다",네이버가 CJ그룹에 이어 신세계그룹과 상호 지분 교환이라는 혈맹을 맺고 '검색쇼핑' 독주에 나선다. 지난해... 앞서 정용진 신세계그룹 부회장과 강희석 이마트 대표는 지난 1월 네이버 분당 사옥을 찾아 이해진 네이버...,3,,1?,
245,2021-03-10,"(주)신세계 임원진, 울산 중구청 방문",박태완 울산 중구청장은 10일 구청장실에서 신세계백화점 입점부지 등에 대한 논의차 방문한 서원식 (주)신세계 부사장(지원본부장) 등 관계자들과 의논을 나눈 뒤 기념촬영을 가졌다.,3,1,,
246,2021-03-16,"네이버·신세계 ""온·오프라인 유통 최강자"" 재탄생",신세계그룹과 네이버의 사업제휴합의서 체결식. (사진=신세계그룹 제공) 신세계그룹과 네이버가 지분 교환에 합의하며 공고한 동맹을 맺었다. 소비자들에게 온·오프라인을 아우르는 새로운 경험을 제공한다는...,3,,1?,
247,2021-03-16,"[오늘의 토막뉴스]기대 '부응(?)'요구에 미흡한 '대응(?)'… 넥슨, 이용자 거...","◆ ""새로운 커머스 경험 제공""… 네이버-신세계 업무협약 체결 네이버와 신세계그룹이 손을 잡고 온라인과 오프라인을 아우르는 새로운 형태의 커머스 경험 제공에 나선다고. 네이버는 16일 JW메리어트 호텔에서 물류...",3,,1?,
248,2021-03-17,손 맞잡은 네이버·신세계그룹…국내 유통 新 패러다임 구축 나서,"차정호 신세계백화점 대표] ""이용자나 판매자 모두 지금까지 상상하기 어려웟던 쇼핑 경험과 다양한 커머스... "" (한성숙 네이버 대표) 네이버와 신세계그룹이 2500억 원 규모의 지분을 바탕으로 국내에서 새로운 유통...",3,,1?,
249,2021-03-17,낮술한 용진이형…'소주의 신세계' 외친 전통주는,"'고창 소주' 직접 리뷰하고 입점 제안 정용진 신세계그룹 부회장이 이번엔 지역 양조장과 손을 잡았다.... 소주의 신세계. 낮술하기에 충분한 이유""라고 적었다. 정 부회장의 게시글에 한 팔로워는 ""이마트에서 팔면 냉큼...",2,1,,
250,2021-03-18,"이마트, 국산 문어 반값 판매",이마트는 18일부터 24일까지 국산 데친 문어(100g)를 신세계 포인트 적립 시 2천480원에 선보인다. 기존 가격... 이마트에 따르면 18일부터 24일까지 국산 데친 문어 100g을 신세계 포인트 적립 시 2천480원에 선보인다. 기존...,2,1,,
251,2021-03-19,"신세계그룹, 스타벅스코리아 지분 전량 인수 검토",신세계그룹이 스타벅스코리아의 지분 전량 인수를 추진한다. 현재는 신세계그룹 이마트와 스타벅스 미국 본사가 각각 50%의 지분을 보유하고 있다. 스타벅스는 지난 1999년 7월 이화여대 앞에 매장을 열면서 한국에...,3,,?,지분?
252,2021-03-23,[리포트]화성에 국제테마파크..긴장하는 레고랜드,"경기도와 화성시, 신세계그룹이 추진합니다. 총 사업비 4조 5천 7백억 원, 모든 연령층이 즐기고 머무를 수 있도록 호텔과 쇼핑몰, 골프장 등을 갖춘 복합 리조트형 테마파크가 316만제곱미터에 조성됩니다. 용인...",3,1,,3-->2?
253,2021-03-24,"신세계, 스타벅스코리아 품을까",신세계그룹이 스타벅스코리아 완전 자회사 편입을 두고 다각적으로 검토중이다. ⓒ시사포커스DB 신세계그룹이 스타벅스코리아 100% 인수에 대해 즉답은 피하고 있지만 다각적으로 검토하고 있다는 반응이 나온 가운데...,3,,?,
254,2021-03-24,"이마트, 국내산 민물장어 역대 최저가 판매",이마트는 해양수산부와 손잡고 25일부터 31일까지 신세계포인트 회원을 대상으로 국내산 '대물 손질 민물장어'를 50% 할인 판매한다. 행사 가격은 100g당 3천490원으로 역대 최저가 수준이다. 이번에 선보이는...,2,1,,
255,2021-03-29,"용진이형, 이번에는 요식업?...'용지니어스' 캐릭터 직접공개","정용진 신세계그룹 부회장이 새로운 캐릭터 용지니어스와 상표를 공개했다. 29일 정용진 부회장이... 대한 구체적인 사업 계획이 있는 것은 아니다""고 설명했다. [사진=정용진 신세계그룹 부회장 인스타그램 캡쳐]",2,1,,
256,2021-03-31,신세계 '인천패싱'에도 지역 정치권 묵묵무답… 시민들 비판 목소리,"30일 오후 서울 중구 웨스틴 조선호텔에서 열린 SSG 창단식에서 구단주인 정용진 신세계 부회장이 정지택 KBO 총재에게 구단기를 전달받은 뒤 들어보이고 있다. 연합 ""어떻게 이럴 수 있는가."" 신세계그룹 계열사 이마트...",2,0,,
257,2021-04-06,[에너지경제신문 오프라인] 먼저 만나는 에너지경제신문 헤드라인 - 4월 7일,"진출 ◇생활경제 신세계百 공유주방 서 미래 찾는다 서울교통공사, 1조 적자 늪 코로나19 보다 무서운 무임수송 쿠쿠 인앤아웃 정수기 끓인 물맛 통했다 오라팜 구강유산균 라방 조회수 18만회 ◇무인점포 시대...",3,,?,
258,2021-04-12,"친환경 배송, 아이스팩부터 바꿔라",신세계푸드는 생분해성 필름을 적용한 아이스팩 포장재를 자체 개발했다. 땅속에서 분해되는 데 3개월밖에 걸리지 않는다고 한다. 동원산업도 수산물 보랭제를 물 아이스팩으로 모두 대체했다. 종이팩 포장은 생분해성...,1,1,,
259,2021-04-12,"대구시, 공공장소 방치 자전거 211대 수거",특히 신세계 백화점과 동구청이 협업을 통해 신세계 백회점 소유 자전거 주차장 2개소에 방치된 자전거를 일제 정비하고 자전거 주차시설도 점검ㆍ보수할 계획이다. 한편 대구시는 지난 2015년부터 방치 자전거 약...,2,1,,
260,2021-04-12,"대구시, 자전거 일제 정비…무단방치 211대 수거 조치","신세계 백화점과 동구청이 협업을 통해 신세계 백회점 소유 자전거 주차장 2개소(동편, 서편)에 방치된 자전거를 일제 정비하고 자전거 주차시설도 점검·보수할 계획이다. 시는 2015년부터 2021년까지 방치 자전거 약...",2,1,,
261,2021-04-12,품질 좋은 ‘수박’ 키우기 시작은 ‘대목’ 선택부터,"농촌진흥청은 수박을 더 안정적으로 재배할 수 있는 박 대목 개발 연구를 진행해 덩굴쪼김병에 강한 대목용 박으로 ‘원예3303’, ‘에프알강건’, ‘에프알강타’, ‘에프알신세계’, ‘에프알파워’ 5품종을 개발했다. 이...",2,,?,
262,2021-04-12,"코로나 직격탄에...신세계면세점 ""강남점 철수 검토 중""",신세계면세점이 두 번째 시내면세점인 강남점 철수를 검토 중이다. 12일 업계에 따르면 신세계면세점은 오는 7월 현재 서울 서초구 센트럴시티 내 위치한 강남점을 철수하는 방안을 검토하고 있다. 4일 오전 서울...,2,0,,
263,2021-04-12,"""무단방치 자전거 찾아가세요""","특히, 신세계백화점과 대구 동구가 협업을 통해 신세계백회점 소유 자전거 주차장 2곳(동편, 서편)에 방치된 자전거를 일제 정비하고 자전거 주차시설도 점검·보수할 계획이다. 대구시는 2015년부터 2021년까지 방치...",2,1,,
264,2021-04-14,"정용진 신세계그룹 부회장, '쾌란플로깅챌린지' 적극 동참",성수점 이마트서 투모 장바구니를 든 정용진 신세계그룹 부회장.(자료=정용진 인스타그램)  정용진 신세계그룹 부회장이 자신의 인스타그램을 통해 14일 성수점 이마트에서 '쾌란 플로깅 챌린지'로 지구 환경을 위해...,2,1,,
265,2021-04-14,"정용진 신세계그룹 부회장, ‘쾌란 플로깅 챌린지’ 동참",정용진 신세계그룹 부회장이 김동연 전 경제부총리가 설립한 재단의 ‘친환경 챌린지’에 참여했다. 정 부회장은 14일 자신의 사회관계망서비스(SNS) 인스타그램에 “사단법인 유쾌한반란 이사장 김동연 전...,2,1,,
266,2021-04-15,"정용진 쓰레기 줍는 '플로깅 챌린지' 참여, 다음 참여자로 야구팬 지명","정용진 신세계그룹 부회장이 22일 '지구의 날'을 맞아 쓰레기를 줍는 '플로깅 챌린지'에 참여했다. 정 부회장은 14일 인스타그램에 ""4월22일 지구의 날을 맞아 이마트 성수점 주변에서 플로깅을 실천했다""며 글과 사진을...",2,1,,
267,2021-04-15,"ESG 강화 현대百그룹, 환경분야는 대기업 평균 이하","44%로 신세계 61%에 못미쳐 서민지 기자 vitaminji@ajunews.com 정지선 현대백화점그룹 회장. [사진=현대백화점그룹... 반면 같은 기간 동종 업계 2위 자리를 두고 경쟁하는 신세계의 용수 재활용 비율은 14%, 폐기물 재활용 비율...",1,1,,
268,2021-04-16,"신세계면세점, 코로나 장기화에 따른 경영난으로 7월 '강남점' 철수","""강남점 영업 중단, 회사 생존 위한 사업 재편의 일환"" 신세계면세점은 코로나19 확산에 따른 경영난으로 오는 7월 강남점을 철수한다. 16일 업계에 따르면 신세계면세점은 오는 7월 현재 서울 서초구 센트럴시티에...",3,,?,
269,2021-04-16,"""코로나19 타격에"" 신세계면세점, 7월 강남점 철수 결정",신세계면세점이 코로나19 타격을 이기지 못하고 강남점을 철수한다. 16일 유통업계에 따르면 신세계면세점은 오는 7월17일 이후 서울 서초구 센트럴시티 내 강남점 영업을 중단하기로 했다. 2018년 총 5개 층 1만3570...,3,,?,
270,2021-04-16,신세계면세점도 못피했다… 강남점 7월 철수,신세계면세점이 코로나 19 타격을 이기지 못하고 결국 강남점을 철수한다. 2018년 영업을 시작한 지 3년 만이다. 16일 유통업계에 따르면 신세계면세점은 7월 7일 서울 서초구 센트럴시티 내 강남점의 영업을 중단하기로...,3,,?,
271,2021-04-23,"대기업의 잇단 패션 플랫폼 인수에 무신사, 고급화 전략으로 맞불...""명품 해...","신세계는 이달 여성패션 플랫폼 W컨셉을 인수해 SSG닷컴에 유치, 카카오도 지그재그를 인수했다. 쿠팡은 지난해 3월 패션 부문을 강화하기 위해 편집숍 'C에비뉴'를 만들었고, 네이버는 지난해 9월 브랜디에 100억원을...",3,1,,
272,2021-04-26,"경총, ESG(환경·사회·지배구조) 경영위 출범…18개사 사장단 참여(종합)",(현대중공업) ▲신세계 차정호 사장(신세계) ▲CJ 김홍기 사장(CJ) ▲대한항공 우기홍 사장(한진) ▲두산 곽상철 사장(두산) ▲LS 안원형 부사장(LS) ▲KCC 정재훈 부사장(KCC) ▲OCI 김택중 사장(OCI) ▲코오롱인더스트리...,5,1,,
273,2021-04-28,친환경·품격 담은신세계百 디자인 세계를 홀리다,신세계백화점이 디자인으로 세계를 사로잡았다. 세계 3대 디자인상인 'iF 디자인 어워드 2021'에서 신세계가 커뮤니케이션 부문 본상(Winner) 수상자로 선정된 것이다. 수상작은 신세계가 지난 2019년에 진행한 친환경...,1,1,,
274,2021-04-28,"코로나로 지친 심신, 위로받고 싶다면…",신세계백화점은 서울 소공동 본점 본관 모양의 블록 상품을 5만원에 판매 중이다. 2000개 한정품으로 당일 100만원 이상 구매고객에게는 무료로 증정한다. 프랑스 봉마르셰와 영국 해롯백화점 등 해외 유명 백화점처럼...,2,1,,
275,2021-04-29,"네이버, 신사업 ‘쑥쑥’…1분기 매출도 ‘쑥’","한성숙 대표는 “1분기에는 신사업 영역들 모두가 큰 성장세를 보였으며 왓패드 인수, 신세계·이마트와의 지분 교환, 라인·Z홀딩스 경영통합 등 의미있는 투자와 협력의 성과들도 있었다”며 “선진적 보상체계...",3,,?,
276,2021-05-03,영남이공대학교 홍보관 대구신세계백화점 오픈,"/영남이공대학교 제공 영남이공대학교는 지난 1일 신세계백화점 대구점 8층에 대학 홍보관 '드림 블러썸... 이벤트는 개인 SNS에 영남이공대, 신세계백화점 등 필수 해시태그와 '드림 블러썸 라운지' 방문 인증샷을...",2,1,,
277,2021-05-03,"영남이공대, 신세계백화점 대구점에 대학 홍보관 오픈",1일 신세계백화점 대구점 8층에 영남이공대학교 홍보관 ‘드림 블러썸 라운지(DREAM BLOSSOM LOUNGE)’를 오픈하고 본격 홍보에 나섰다. 이번 ‘드림 블러썸 라운지’는 신세계백화점 대구점 8층 푸드트럭 1개소 및 우측...,2,1,,
278,2021-05-05,"정용진 고도의 디스 전략? ""아 진짜 짜증나는 고릴라 XX""",정용진 신세계그룹 부회장은 자신의 닮은 꼴로 눈길을 모은 신세계그룹 새 캐릭터 ‘제이릴라’(Jrilla)를 향해 “자꾸 찾아와서 친한 척하는데 귀찮아 죽겠다. 나랑 하나도 안 닮았다”며 까칠한 관심을 드러냈다. 5일 정...,2,,?,
279,2021-05-05,"대구신세계, 올해 희망장학금…'장학금·수저세트' 함께 지급","- 대구교육청, 동구청, 어린이재단 등 지역 기관추천학생 130명 장학금전달 - 백관근 대표 ""희망장학금은 신세계 대표 사회공헌 활동"" 대구신세계(대표 백관근)는 올해 5회째을 맞는 희망장학금 전달식에서 학생들에게...",2,1,,
280,2021-05-05,"배기철 대구 동구청장, 신세계 희망장학금 전달식","배기철 대구 동구청장은 6일 오후 1시50분, 신세계백화점에서 열리는 '신세계 희망장학금 전달식' 참석한다.",2,1,,
281,2021-05-06,"대구신세계, 중·고등학생 130명에 제5회 희망장학금 전달",백관근 대구신세계 대표 등이 희망장학금 1억 3000만원을 들어보이고 있다. [사진제공 = 신세계백화점 대구점] 신세계백화점 대구점(이하 대구신세계)이 희망장학금 1억 3000만원을 전달했다. 6일 대구신세계 등에 따르면...,2,1,,
282,2021-05-10,"‘ESG 경영’ 일시적 유행인가, 대세인가",여기에 지난달 27일 신세계도 (주)이마트와 (주)신세계 각각에 기존 사회공헌위원회를 확대·개편한 ESG위원회를 설치했다고 밝혔다. 현대중공업 그룹도 지난달 말 지주사와 계열사 7곳에 ESG위원회 설치를 마쳤다....,4,1,,
283,2021-05-11,"SSG닷컴, W컨셉 인수 마무리…""패션분야 큰 시너지 낼 것""",또 SSG닷컴은 신세계그룹이 갖춘 인프라를 활용해 W컨셉 운영에 필요한 사항을 지원하고 전략적으로 육성할 계획이다. W컨셉 핵심 셀러에게는 신세계그룹이 보유한 오프라인 채널에도 관련 상품을 선보일 수 있도록...,3,1,,
284,2021-05-11,쾌란플로깅 뭐길래?,"특히 정용진 신세계그룹 부회장이  쾌란플로깅 챌린지에 참여하면서 화제를 모으기도 했다. 정 부회장은 자신의 사회관계망서비스(SNS) 인스타그램에 ""사단법인 유쾌한반란 이사장 김동연 전 경제부총리님의...",2,1,,
285,2021-05-12,대전신세계 '지역 상권'과 상생,［동양일보 정래수 기자］대전신세계가 엑스포점 개점을 앞두고 지역 상권과 상생하는 지역협력계획을 제시했다. 대전 유성구와 대전신세계는 12일 유성구청에서 '소상공인 상생협력'을 주요 내용으로 하는 지역협력계획...,2,1,,
286,2021-05-12,이재용의 인재 양성 의지…삼성청년SW아카데미 6기 모집,"삼성전자를 비롯해 LG CNS, 카카오, 신세계아이앤씨, SK주식회사 C&amp;C, 롯데정보통신, 네이버, 현대차 등... 또 신한은행, 신세계아이앤씨, 다날, 인바디 등을 비롯한 60여개 기업에서는 ▲서류심사 면제 ▲코딩테스트...",3,1,,
287,2021-05-12,"광주신세계, 장애인 가족 지원 모금 1천만원 전달",광주신세계는 12일 광주시 3층 시장 접견실에서 ‘장애인 가족과 함께하는 세상을 만듭니다’ 캠페인을 통해 마련된 수익금 1천만원을 광주시에 전달했다.㈜광주신세계는 12일 5월 한달간 광주시와...,2,1,,
288,2021-05-13,"스타벅스, 사회적 거리두기 극복하고 분기 최대 매출 올려…1분기 5227억원","다만 낙후된 재래시장 등 자율상권구역에는 대규모 점포의 입점을 허용하는데 합의했다. 한편 스타벅스코리아는 신세계 그룹의 이마트와 스타벅스 미국 본사의 합작 법인으로, 양측이 50%씩 지분을 나눠갖고 있다.",2,,?,2-->3?
289,2021-05-13,"‘별다방’ 찍히면 금세 값 두배, 코로나도 못말린 ‘스타벅스 열풍’","‘스타벅스 굿즈’ 한국서 품절 대란… 美매장 줄어도 국내 매장은 늘어 13일 오전 10시 5분, 신세계 그룹의... 신세계는 지분 인수 노려 한국은 시장 규모와 매장 수에서 미국, 중국, 캐나다, 일본에 이은 스타벅스 5위...",3,,?,
290,2021-05-17,탄소포인트제 모바일 서비스 오픈 행사,"모바일 서비스 신규로 가입한 회원에게는 추첨을 통해 500명을 선정해 커피 쿠폰을 지급하며, 기존 참여자 중 가장 많이 가입 공유를 한 30명을 선정해 신세계 상품권(5만 원 상당)을 지급한다. 탄소포인트 제도는...",1,1,,
291,2021-05-17,'W컨셉' 품은 신세계 vs '스타일셰어·29' 품은 무신사 진검승부,신세계그룹에 W컨셉 인수권을 뺏긴 무신사가 새로운 도약을 펼친다. 무신사는 여성복 경쟁력 강화와... 삼킨 신세계에 밀렸다. 신세계는 지난 11일 온라인 패션 편집숍 'W컨셉' 인수 절차를 마무리 지었다. SSG닷컴...,3,1,,
292,2021-05-19,[시그널] 네이버·신세계 '이베이 인수' 손잡을까,네이버가 신세계(004170)그룹과 손 잡고 몸 값 5조 원으로 평가받는 이커머스 공룡 이베이코리아 인수전에... 19일 투자은행(IB) 및 관련 업계에 따르면 네이버는 신세계그룹과 함께 이베이코리아 인수전에 참여하는...,3,,?,
293,2021-05-19,"대전신세계, 다음 달 온라인 채용 박람회 개최",오는 8월 개점을 앞둔 대전신세계가 다음 달부터 두 달 동안 지역 인재를 채용하는 박람회를 개최합니다. 이번 박람회에는 대전신세계와 이마트 등 신세계 그룹과 협력사 등 115개 기업이 참여해 모두 3천여 명을 채용할...,3,1,,3-->2
294,2021-05-19,신세계 내달 충청 채용박람회..115개사 3천 명 채용,"오는 8월 개점을 앞둔 대전 신세계가 다음 달 1일부터 7월 말까지 두달 간 온라인 채용 박람회를 열고 대전과 충청 인재 3천여 명을 뽑을 계획입니다. 대전신세계와 이마트, 스타벅스코리아 등 신세계 그룹 계열사 8곳과...",3,1,,3-->2
295,2021-05-19,"네이버, 이베이 인수전 참여 저울질","신세계와 컨소시엄 방안 논의 네이버 ""여러 시나리오 중 하나"" 네이버가 이베이코리아 인수전에 참여하는 방안을 검토 중이다. 최근 지분을 교환해 '쇼핑 동맹'을 맺은 신세계그룹과 컨소시엄을 꾸려 참가하는 방안이...",3,,?,
296,2021-05-19,"대전신세계, 6월1일부터 7월31일까지 온라인 비대면 상생 채용박람회",대전신세계가 오는 8월 개점을 앞두고 3000여명을 뽑는 대규모 온라인 채용박람회를 개최한다. 대전 및... 6월 1일부터 7월 31일까지 2개월간 열리는 이번 채용박람회는 지역법인인 대전신세계가 주최하고 대전광역시와...,3,1,,3-->2
297,2021-05-20,[경남 고성소식] 신선 농·특산물 신세계백화점 직접 납품,"21일부터 신세계백화점(본점, 강남, 경기, 센텀점)에 신선 농·특산물을 직접 납품한다. 이번 납품은 신세계백화점 측의 3회에 걸친 현장 확인 및 고성군과 농가가 지속적으로 협의한 결과이며, 품목은 방울토마토...",2,1,,
298,2021-05-20,네이버·신세계 이베이 인수 컨소시엄 구성 검토 중,"신세계와 컨소시엄을 구성, 신세계가 최대 주주가 되고, 네이버가 2대 주주가 되는 방식을 검토 중인 것으로 전해졌다. 네이버와 신세계는 ""확정된 건 없다""는 입장이지만 업계에서는 가능성이 높은 것으로 보고있다....",3,,?,
299,2021-05-24,"진주시 신선농산물, 수도권 대형백화점 첫 직거래 납품","(사진=진주시 제공) 경남 진주시는 지역 생산 파프리카, 애호박 등 신선 농산물을 신세계백화점에 첫 직거래... 이번 납품은 진주시와 한국배영농조합법인, 신세계백화점 간 여러 차례의 사전 협의 및 현장 확인과...",2,1,,
300,2021-05-25,진주 신선농산물 수도권 백화점 직거래 납품,"파프리카, 애호박 등 진주에서 생산된 신선 농산물이 신세계백화점에 처음으로 직거래 납품했다 24일 진주시에 따르면 이번 납품은 진주시와 한국배영농조합법인(대표 김건수), 신세계백화점 간에 수 차례 사전 협의와...",2,1,,
301,2021-05-27,"대구시, 대형백화점·전통시장 상생·발전 손잡다","이날 대구신세계백화점, 현대백화점 대구점, 롯데백화점 대구점 등의 지역 대형백화점 3개 점장과 동서시장, 염매시장, 번개시장 등의 3개 전통시장 상인회장은 ‘상호 신뢰와 협조를 바탕으로 유기적인 상생협력 체계를...",2,1,,
302,2021-05-27,'1백화점 1전통시장 전담지원' 상생·화합의 맞손,"이날 대구신세계백화점, 현대백화점 대구점, 롯데백화점 대구점 등의 지역 대형백화점 3개 점장과 동서시장, 염매시장, 번개시장 등의 3개 전통시장 상인회장은 '상호 신뢰와 협조를 바탕으로 유기적인 상생협력 체계를...",2,1,,
303,2021-05-27,'1백화점-1전통시장 전담지원제'MOU,"이날, 대구신세계백화점, 현대백화점 대구점, 롯데백화점 대구점 등의 지역 대형백화점 3개 점장과 동서시장, 염매시장, 번개시장 등의 3개 전통시장 상인회장은 '상호 신뢰와 협조를 바탕으로 유기적인 상생협력 체계를...",2,1,,
304,2021-05-27,자사 호텔 식당 소개하며 '샥스핀' 요리 홍보해 뭇매 맞고 있는 정용진,정용진 신세계 부회장이 '샥스핀'을 홍보했다는 논란에 휩싸였다.신세계그룹 호텔 체인 '조선호텔앤리조트'는 지난 25일 '조선팰리스 서울 강남'을 새롭게 오픈했다.지난 26일 정 부회장은 조선팰리스 서울 강남에 위치한...,2,0,,
305,2021-05-27,백화점·전통시장 상생발전'전담지원제' 업무협약 체결,"&lt;사진&gt; 대구시는 27일 오전 11시 시청별관 대회의실에서 대구신세계백화점, 현대백화점 대구점, 롯데백화점 대구점 등의 지역 대형백화점 3개 점장과 동서시장, 염매시장, 번개시장 등의 3개 전통시장 상인회장들이...",2,1,,
306,2021-05-28,"""가재야 미안하다 고맙다""...인스타 글귀로 '文 저격' 논란 인 신세계 정용진",신세대와도 거침없는 SNS 소통으로 주목을 받고 있는 정용진 신세계그룹 부회장이 인스타그램에 올린 문구를 놓고 논란이 일고 있다. 정 부회장이 계속해서 사용하고 있는 '미안하다 고맙다'라는 글귀가 문재인 대통령이...,3,0,,
307,2021-05-28,"""가재야 잘가라 미안하고 고맙다"" 신세계 정용진 인스타 '문재인 저격' 논란",신세대와도 거침없는 SNS 소통으로 주목을 받고 있는 정용진 신세계그룹 부회장이 인스타그램에 올린 문구를 놓고 논란이 일고 있다. 정 부회장이 계속해서 사용하고 있는 '미안하다 고맙다'라는 글귀가 문재인 대통령이...,3,0,,
308,2021-05-28,"[뉴있저] '소고기야 미안하다 고맙다?'...신세계 정용진, '세월호 추모글' 패...","정용진 신세계 부회장이 자신의 SNS에 올린 사진과 글이 논란입니다. 정 부회장은 이렇게 소고기 사진과 함께... 신세계 관계자는 언론을 통해 ""'미안하다. 고맙다.'는 SNS에서 자주 사용되는 표현""으로, ""이를 어떤 의도를...",3,0,,
309,2021-05-28,"욕설에 샥스핀, 세월호까지..ESG 발라버린 정용진","포쓰저널 문기수 기자 정용진 신세계 부회장./사진=연합뉴스 정용진(53) 신세계그룹 부회장이 잇따른 '갑툭튀' 돌발행동으로 빈축을 사고 있다. 그는 인스타그램 65만 팔로우를 거느린 슈퍼 인플루언서다. 말 한마디, 멘션...",3,0,,
310,2021-05-28,"정용진 ""가재야 미안하다 고맙다""…""세월호 文발언과 비슷해"" 갑론을박","활발한 SNS 활동을 펼치고 있는 정용진 신세계 부회장이 최근 인스타그램에 올린 글을 두고 온라인에서... 신세계 그룹 관계자는 ""어떤 의도를 가지고 사용했다는 프레임에 맞추어 해석하는 것은 지나친 억측""이라고 선을...",3,0,,
311,2021-05-31,롯데·현대백화점그룹 등 백신 유급 휴가,신세계그룹 역시 백화점과 이마트 등 전 계열사 임직원이 코로나19 백신 접종을 받을 경우 접종일을 포함해 2일간 유급휴가를 주기로 했다. 이상 증상이 있을 경우 추가로 하루 더 유급휴가를 쓸 수 있다. 홈플러스는...,3,1,,3-->2
312,2021-06-01,대전신세계 엑스포점 채용박람회···지역인재 채용 나서,［동양일보 정래수 기자］대전 신세계가 오는 8월 개점을 앞두고 온라인 채용 박람회를 열어 지역인재를 채용한다. 1일 대전시에 따르면 대전신세계 엑스포점은 이날 대전컨벤션센터에서 온라인 채용박람회 개막식을...,3,1,,3-->2
313,2021-06-01,SK하이닉스와 신세계 '異업종 공동마케팅',기업 신세계가 손잡고 일반 소비자용 고속 보조 기억장치인 반도체 솔리드 스테이트 드라이브(SSD) 판매촉진 활동을 벌인다. 자료=SK하이닉스. 반도체 기업 SK하이닉스와 유통 기업 신세계가 손잡고 일반 소비자용...,2,,?,
314,2021-06-01,대전신세계 온라인 채용박람회…3천 명 채용 예정,"오는 8월 개점을 앞둔 대전신세계가 다음 달 말까지 두 달 동안 온라인 채용박람회를 엽니다. 이번 채용박람회에는 대전신세계와 이마트, 스타벅스코리아 등 신세계 그룹 계열사 8곳과 신세계 협력사 104곳, 한스크...",3,1,,3-->2
315,2021-06-01,"8월 개점 앞둔 대전신세계, 온라인 채용박람회 개최",대전신세계가 3천여 명을 뽑는 대규모 채용박람회를 시작했습니다. 다음(7) 달까지 두 달간 진행되는 이번 채용박람회는 코로나19 확산을 막기 위해 모두 온라인 방식으로 이뤄지며 대전신세계와 이마트 등 신세계그룹을...,3,1,,3-->2
316,2021-06-02,'TMI NEWS' 스타·재벌→아이돌 출신 학교…비싼 학비 BEST 14?,"신세계 정용진 부회장, 차승원, 유재석이 학부모 모임에서 한 자리에 모인 초등학교, 상체보다 하체가 10cm 더 커야 입학할 수 있는 학교, 말문이 막히는 학비로 커버 모델들을 놀라게 한 학교와 그 곳을 졸업한...",3,0,,
317,2021-06-02,“나이키 신발 리셀로 샀어요?”… 누리꾼 질문에 ‘용진이형’의 답변은?,"정용진 신세계그룹 부회장도 인기가 많은 신발은 리셀(재판매)로 구매하는 것으로 밝혀졌다. 최근 정 부회장은 자신의 인스타그램에 골프를 하는 영상을 올렸다. 이후 한 인스타그램 이용자가 ""용진이형, 나이키 언더커버...",2,0,,
318,2021-06-03,"이마트 ""친환경 인증 상품 구매하고 '에코머니' 10배 적립받으세요""","할인과 신세계포인트 적립 할인등이 적용돼 친환경 소비를 실천하는 고객들이 연중 가장 큰 헤택을 받을 것으로 기대된다. 적립된 에코머니는 신세계 상품권으로도 교환 가능하며, 친환경 인증 상품은 9가지 친환경...",1,1,,
319,2021-06-03,"유통가, 환경 바꾸는 착한 소비 함께해요",신세계백화점은 4일부터 모든 점포에서 신세계 앱을 통해 전자영수증 신청을 한 고객에게 조선호텔과 협업해 만든 에코백을 준다고 3일 밝혔다. 에코백은 호텔에서 사용한 리넨 침구를 수거해 세탁하고 손질해...,1,1,,
320,2021-06-03,"광주신세계, 환경·사회공헌·지배구조 활동 ‘박차’",이동훈 대표㈜광주신세계가 새로움 패러다임으로 자리잡은 ESG(환경·사회공헌·지배구조) 경영 활동... 앞서 광주신세계는 지난 3월 주주총회와 4월 현지법인 설립 26주년을 통해 기업의 가치를 높이기 위해 사회적...,5,1,,
321,2021-06-07,"전남창조경제혁신센터, 해남군 찾아가는 품평·상담","행사에는 GS리테일, 농협하나로유통, 한국우편사업진흥원, ㈜광주신세계 등 분야별 상품기획자 MD(Merchandiser)와 전문위원이 참여하여 상품에 대한 디자인, 품질 등 1:1 밀착 상담을 진행했다.우수상품으로 선정된 기업은...",2,1,,
322,2021-06-08,"정용진 '미안하고 고맙다' 논란 종지부…""50년 넘은 습관도 고쳐야""","정용진 신세계그룹 부회장이 최근 SNS에 잇달아 게재한 ""미안하고 고맙다"" 논란에 종지부를 시사하는... 비판하며 신세계그룹 계열사 제품을 불매하겠다는 움직임도 있었다. 이번 게시물은 최근 논란이 된 정 부회장의...",3,0,,
323,2021-06-08,"정용진 신세계그룹 부회장, '미안하다 고맙다' 논란 해명",뉴스저널리즘 김문수 기자 = 정용진 신세계그룹 부회장 인스타그램 화면 캡처 정용진 신세계그룹 부회장이 최근 자신의 소셜네트워크서비스(SNS)에 '미안하다 고맙다'라는 표현을 사용해 논란이 된 가운데 문제가 될 만한...,3,0,,
324,2021-06-08,"신세계 정용진, '미안하다 고맙다' 종지부?…""오해받을 행동 고치겠다""",정용진 신세계그룹 부회장이 오해받을 수 있는 행동에 주의를 기울이겠다는 의향을 내비쳤다. 최근 '미안하다 고맙다'는 표현에 대한 논란의 종지부가 될지 주목된다. ▲ 정용진 신세계 부회장이 개인 SNS 계정에 올린...,3,0,,
325,2021-06-08,“짧은 손가락으로 안경 올릴 것”…홍보실장에게 사과한 정용진,"“미안하다, 고맙다”…논란되자 한마디 홍보실장에게 미안하다고 한 정용진 최근 해당 발언을 연이어 쓰면서 화제와 논란의 중심에 섰던 정용진 신세계 부회장이 8일 “홍보실장이 오해받을 일 하지 말라고 한다”...",3,0,,
326,2021-06-08,"정용진 부회장 ""오해받을 일 하지 말래…습관 고치겠다""","김재환 기자 jeje@ajunews.com ""미안하다, 고맙다""라는 습관적인 표현으로 구설에 오른 정용진 신세계그룹 부회장이 오해의 소지가 될 말을 꺼내는 것을 조심하겠다고 밝혔다. 정 부회장은 8일 본인의 인스타그램을 통해...",3,0,,
327,2021-06-08,정용진 “오해받을 일 하지 말란다”… ‘미안하다 고맙다’ 논란 끝?,최근 소셜미디어(SNS) 게시글로 화제와 논란의 중심에 선 정용진 신세계그룹 부회장이 앞으로는 오해가 될 수 있는 표현을 자제하겠다는 취지의 글을 올렸다. 정 부회장은 8일 오후 자신의 인스타그램 계정에 올린 글에서...,3,0,,
328,2021-06-08,"정용진, 문제의 SNS…""오해받을 일 말란다""","정용진 신세계그룹 부회장이 소셜미디어(SNS) 게시글로 연일 논란의 중심에 서자 오해가 될 수 있는 일을 조심하겠다는 취지의 글을 올렸다. 정 부회장은 8일 오후 자신의 인스타그램 계정에 올린 글에서 ""난 원래 가운데...",3,0,,
329,2021-06-08,"'마안하다. 고맙다' 논란 정용진 ... ""홍보실장이 오해받을 일 말란다""","최근 인스타그램에 “미안하다, 고맙다”라는 말을 연이어 쓰며 논란의 중심에 섰던 정용진 신세계 부회장이 8일 “홍보실장이 오해받을 일 하지 말라고 한다”고 게재했다. 앞으로 논란이 될 만한 표현을 쓰지 않겠다는...",3,0,,
330,2021-06-08,SNS 논란 정용진 “홍보실장이 오해받을 일 하지 말란다”,"최근 소셜미디어(SNS)에 “미안하다, 고맙다”는 글을 올려 논란을 일으킨 정용진 신세계그룹 부회장이... 이에 일부 누리꾼들은 문 대통령을 비하하는 행위라며 신세계그룹에 대한 불매 움직임을 보이기도 했다. pkb@",3,0,,
331,2021-06-09,"'미안하다 고맙다' 정용진 저격한 김어준 ""오너 아니면 해고됐을 것""","방송인 김어준이 정용진 신세계그룹 부회장에 대해 ""재벌 오너가 아니었으면 해고됐을 것""이라고 말했다. 김씨는 9일 자신이 진행하는 라디오를 통해 ""정 부회장이 재벌 오너가 아니라 신세계 음식부문장 정도였으면...",3,0,,
332,2021-06-09,수박의 '신세계'가 간다...정읍 '단풍미인 씨 없는 수박' 신세계百 납품,9일 정읍시에 따르면 산지유통센터에서 선별한 '단풍미인 씨 없는 수박'을 신세계백화점에 납품키로 계약을 체결했다. '단풍미인 씨 없는 수박'은 당도와 무게 등 최상위 품질만 선별돼 신세계백화점 과일매장 중심에...,2,1,,
333,2021-06-09,정읍 '단풍미인 씨 없는 수박' 신세계백화점 납품 계약,시는 최근 산지유통센터에서 선별한 단풍미인 씨 없는 수박을 신세계백화점에 납품키로 계약을 체결했다. 이로써 당도와 무게 등 최상위 품질의 단풍미인 씨 없는 수박이 신세계백화점 과일매장 중심에 진열될...,2,1,,
334,2021-06-10,"인젠트-신세계아이앤씨, 파트너십 체결로 시장 공략 가속화","인젠트(대표 장인수)는 신세계아이앤씨와 자사 전 제품에 대한 전략적 파트너십을 체결했다고 10일... 인젠트 전략영업본부 이태헌 본부장, 장인수 대표, 신세계아이앤씨 밸류서비스사업부 고학봉 상무, 이은송...",2,1,,
335,2021-06-11,"곡성군 명품 멜론·사과, ""신세계백화점에서 산지 기획전""","곡성군은 11일부터 17일까지 신세계백화점 광주점에서 지역 대표 특산물인 멜론과 사과 산지 기획전을 진행한다.(사진_곡성군) 곡성군(군수 유근기)은 ""11일부터 17일까지 신세계백화점 광주점에서 지역 대표 특산물인...",2,1,,
336,2021-06-14,"상주 샤인머스켓, 새로운 농업의 장을 열다","상주시 관계자에 따르면 올해 첫 수확한 고품질 샤인머스켓을 신세계 백화점과 갤러리아 백화점 전 지점에 납품하고 있으며, 2kg 한 상자 기준 13만 원에 판매하는 프리미엄 상품임에도 하루 약 120상자가 팔릴 정도로 큰...",2,1,,
337,2021-06-14,"상주시, '샤인머스켓' 올해 첫 출하","상주시 관계자의 말에 따르면 올해 첫 수확한 고품질 샤인머스켓을 신세계 백화점과 갤러리아 백화점 전 지점에 납품하고 있으며, 2kg 한 상자 기준 13만 원에 판매하는 프리미엄 상품임에도 하루 약 120상자가 팔릴 정도로...",2,1,,
338,2021-06-14,상주 샤인머스켓 올해 첫 출하,◀ＥＮＤ▶ 상주시는 올해 첫 수확한 고품질 샤인머스켓이 신세계와 갤러리아 백화점 전 지점에 납품돼 2kg 한 상자에 13만 원선 등 하루 120상자가 팔리고 있다고 밝혔습니다. 또 마켓컬리와 카카오톡 스토어 등 온라인...,2,1,,
339,2021-06-14,“농생명 식품산업 수도로 도약할 것”,"지난해는 수박, 멜론, 친환경 쌀에 높을고창 브랜드를 사용했고, 이마트, 신세계백화점, CJ the market 등을 통해 경기미 보다도 비싼값에 고창쌀이 팔리면서 프리미엄급 고급 농산물 이미지를 만들었다. 올해에도 딸기, 김...",2,1,,
340,2021-06-14,[기고] 유니콘 성장 생태계 '대스타 해결사 플랫폼',"솔루션, ▶신세계푸드의 친환경 밀키트 전용 포장재 기술 ▶한국전력공사의 철탑 등 접근이 어려운 시설의 유지, 보수, 계측을 위한 무선 전력공급 장비 개발 등 이다. 과제 내용을 살펴보면 ▶인공지능 ▶바이오 헬스...",2,1,,
341,2021-06-14,카톡만으론 한계… `규모의 경제` 승부수 띄워,"여기에 신세계, CJ 등과의 협업 등을 추진하면서 덩치를 키우고 있다. 뉴욕 증시 상장으로 실탄을 마련한 쿠팡은 '대규모' 물류 인프라 투자에 역점을 두고 있다. 쿠팡은 전라북도 완주군과 신규 물류센터 설립을 위한...",2,,?,신세계 관련 뉴스 아님
342,2021-06-15,유통 라이벌 신동빈 vs 정용진… ‘이커머스 업계 승자는 누구?’,"IB업계에 따르면 본입찰 당시 롯데가 3조원 중후반대, 신세계가 4조원대를 제시한 것으로 알려졌다. 당초... 롯데가 이베이코리아를 인수하면 거래액 규모로는 네이버만큼 커진다 신세계의 시장점유율은 3%에 그치고...",3,1,,
343,2021-06-16,"신세계, 이베이 새 주인 되나",이베이코리아의 새 주인으로 신세계그룹의 이마트와 네이버 연합이 선정될 것으로 보인다. 이마트와... 신세계는 통합 온라인 쇼핑몰 SSG닷컴을 운영하고 있다. 다만 시장점유율이 3% 수준에 그쳐 오프라인과 달리...,3,,?,
344,2021-06-17,"신세계, '휴젤 인수 추진' 보도에 ""검토 중… 확정 아냐""","코스닥시장본부가 신세계, 휴젤에 관련 보도에 대한 조회공시를 각각 요구한 데 답변 내용이 공시됐다. 17일 금융감독원 전자공시 시스템에 따르면 유가증권시장본부 및 코스닥시장본부는 신세계, 휴젤(생물의학...",3,,?,
345,2021-06-18,접다가 끝난 '시즌1' 정용진표 '시즌2' 날개 펼칠 수 있을까,정용진 신세계그룹 부회장이 눈에 띄는 행보를 보이면서 재계의 주목을 받고 있다. 올해 초 SK 와이번스(현 SSG 랜더스) 인수에 이어 최근 이베이코리아 인수도 추진하면서 유통업계 지각변동을 예고하고 있다. 신세계...,3,1,?,
346,2021-06-21,지역상권과 갈등…제주드림타워·신화월드 대형점포 현장 점검,의원들은 이날 신세계사이먼이 추진하는 서귀포시 안덕면 제주신화월드 내 ‘제주 프리미엄 아울렛’과... 이에 대해 제주신화월드 측은 신세계 측이 점포 개설에 따른 행정절차를 모두 밟았다며 예정대로 개장하겠다고...,2,1,,
347,2021-06-21,"""대규모 점포 상생대책"" ""예정대로 영업""",다음달 22일 신세계그룹이 문을 열기로 한 제주 프리미엄 전문점의 추진상황을 점검하기 위해서입니다.... 그런 부분들을 저희 회사 또한 운영사(신세계)와 협의해서 최대한 원만히 풀어나가는 과정 하에서 일정을...,2,1,,
348,2021-06-21,경산 신세계사이먼 프리미엄 아울렛 무산 위기… 해법 없나,"경산지식산업지구 내 신세계사이먼 프리미엄 아웃렛(이하 아울렛) 건설이 정부의 반발에 부딪혀 무산될 전망이다. 지난해 9월 (주)신세계사이먼은 경북도, 경산시, 대구경북경제자유구역청, 경산지식산업개발(주)와 함께...",2,0,,
349,2021-06-22,"""마지막에 웃는 자가 웃는다?""…정용진 이베이 인수 공식 선언 주저하는 이유","신세계는 그 동안 이베이 인수 의지를 활활 불태워왔다. 유통 라이벌 롯데와의 맞대결이다보니 신세계 안팎에선 공공연하게 ""이베이를 꼭 품겠다""는 말이 나오기도 했다. 강희석 이마트 대표는 수시로 이베이 인수 및...",3,,?,
350,2021-06-23,백화점·마트·전통시장·온라인…오늘부터 '동행세일',대구신세계백화점은 오는 25일부터 내달 1일까지 '코리아 패션마켓 시즌3'를 열고 최대 50% 할인 행사를 진행한다. 대구백화점도 동행세일 기간에 맞춰 '어린이 환우 돕기 대백 여름 정기 더세일'을 이어간다. 주말 3일...,2,1,,
351,2021-06-23,'동행세일'에 유통플랫폼 대거 참여…최대 80% 세일,"현대백화점, 신세계백화점, 롯데백화점, NC, 행복한백화점 등이 참여한다. 아웃렛은 패션 브랜드 최대 50% 할인 및 아동 패션 브랜드 최대 10% 할인 기획전을 연다. 전국 슈퍼와 편의점은 여름시즌 최대 50% 할인, 인기...",3,1,,
352,2021-06-24,"신세계, 이베이 품었다…e커머스 2위 도약","신세계그룹 이마트가 약 3조4천억원에 이베이코리아 지분 80%를 인수한다. 이에 따라 신세계는 국내 전자상거래(e커머스) 업계 2위 '유통 공룡'으로 도약한다. 향후 국내 온라인 쇼핑 시장은 네이버, 신세계, 쿠팡 3강...",3,,?,
353,2021-06-24,"[미리보는 이데일리 신문]""ESG는 비즈니스 전략...선점이 중요""",4조에 이베이 품었다 -윤석열 29일 대권도전 선언 “걸어갈 길 말씀드릴 것” △이베이코리아 품은 신세계 -쿠팡 제치고 이커머스 2위 도약한 신세계...온오프 맞춤사업 시너지 기대 -롯데 “식품·명품·패션 전문몰로...,3,,?,
354,2021-06-24,백화점부터 전통시장까지…대한민국 동행세일 시작,"고급품을 중심으로 이미 '보복 소비' 혜택을 보고 있는 백화점들도 신세계와 롯데, 현대 3대 업체가 대한민국 동행세일 기간 여름 정기세일을 진행합니다. 또, 전통시장에서 쓸 수 있는 온누리 상품권 할인율은 기존 5...",2,1,,
355,2021-06-28,울산 유통업계 기지개 켜나… 매출 '꿈틀',현대백화점은 지난 25~27일 매출이 지난해 같은 기간과 비교해 21.2% 뛰었으며 같은 기간 신세계백화점도 매출이 13.3% 늘었다. 이들 백화점 모두 명품 브랜드와 의류 매장의 매출이 전체 실적을 견인했다는 분석이다....,2,0,,
356,2021-06-28,남들보다 먼저…SSG는 ‘마케팅 고수’,구단주인 정용진 신세계 부회장이 올해 초 야구단을 인수하면서 “마케팅에서만큼은 롯데를 이길 자신이... ■ 유니폼을 줄 서서 산다 SSG는 지난달 21~23일 홈구장에서 신세계 그룹사 스타벅스와 손잡고 ‘스타벅스...,3,,0?,
357,2021-06-28,"약속 뒤집은 신세계 ""백화점 대신 오피스텔""","짓겠다던 신세계가 애초의 약속을 모두 뒤집고 오피스텔 건립을 들고 나왔습니다. 결국 울산MBC가 지난해 연속보도해드린 내용대로 백화점 건립이 무산된 건데요, 상업시설은 대폭 줄어든 데다 신세계가 직접 운영한다는...",3,0,,
358,2021-06-29,신세계·이베이 시너지 방안 '관심'…SSG닷컴 통합 vs 옥션·G마켓 분리운영,"신세계그룹이 이베이코리아 인수에 성공한 가운데, 기존 온라인 사업인 SSG닷컴과의 플랫폼 통합 여부... ▲ SSG닷컴 사옥 전경 [UPI 뉴스] 29일 업계에 따르면 신세계그룹의 이마트는 이베이 미국 본사와 이베이코리아...",3,,?,
359,2021-07-01,신세계 ‘주거시설’ 개발 계획 지역 사회 반발 잇따라,"중구 혁신도시에 상업시설 대신 주거시설을 건립하겠다는 신세계 개발 계획에 대한 지역사회 반발이 이어지고 있습니다. 박태완 중구청장은 기자회견을 열고, ""신세계가 8년 넘게 개발을 미루다가 사실상의 주거시설을...",3,0,,
360,2021-07-01,"""신세계, 울산시민에 사과하고 백화점 입점 이행하라""","중구청장은 ""신세계가 혁신도시 백화점 입점계획을 바꿔 오피스텔 위주의 주상복합을 짓는다는... 박 구청장은 1일 중구청 프레스센터에서 취임 3주년 기자회견을 열고 ""신세계 측은 대기업의 사회적...",2,0,,
361,2021-07-01,"'백신 휴가' 기업·직업간 양극화…영세업체 ""꿈도 못꿔""","삼성, LG, 롯데, 신세계 등 국내 대기업이나 지자체, 공공기관에서는 이미 빠르게 백신 휴가를 도입했지만 중소기업이나 영세 업체, 자영업자, 특수고용직 근로자는 인력 부족 등의 이유로 꿈도 못 꾸는...",2,1,,
362,2021-07-01,"현대百 대구점, 대형 유통업체 지역 기여도 1위","평가 업체는 지역 내 롯데백화점 4곳, 동아백화점 등 이랜드리테일 6곳, 현대백화점 대구점, 대구신세계백화점, 롯데마트 2곳, 이마트 7곳, 코스트코 2곳, 홈플러스 9곳 등이다. 홍의락 대구시 경제부시장은 ""코로나19...",2,0,,
363,2021-07-01,"""신세계 시민 우롱..토지 반납하라"" 반발",중구 혁신도시에 상업시설 대신 주거시설을 건립하겠다는 신세계 개발 계획에 대한 지역사회 반발이 이어지고 있습니다. 박태완 중구청장이 취임 3주년 기자회견에서 신세계가 혁신도시 백화점 입점 계획을 바꿔 오피스텔...,2,0,,
364,2021-07-02,"정용진 신세계그룹 부회장, '어린이 교통안전 릴레이 챌린지'로 어린이 보호구...",신세계그룹 정용진 부회장 정용진 신세계그룹 부회장이 '어린이 교통안전 릴레이 챌린지'에 동참했다. '어린이 교통안전 릴레이 챌린지'는 지난해 12월 행정안전부에서 어린이 보호구역 내 교통 안전을 강조하기 위해...,3,1,,
365,2021-07-02,정용진 신세계 부회장 '어린이 교통안전 챌린지 캠페인' 동참,신세계그룹은 정용진 부회장이 '어린이 교통안전 릴레이 챌린지'에 동참했다고 2일 밝혔다. '어린이 교통안전 릴레이 챌린지'는 지난해 12월 행정안전부에서 어린이 보호구역 내 교통 안전을 강조하기 위해 시작한...,3,1,,
366,2021-07-02,"신세계그룹 정용진 부회장, 어린이 교통안전 릴레이 챌린지 동참","박유니 기자, 정용진 신세계그룹 부회장이 '어린이 교통안전 릴레이 챌린지’에 동참했다. ‘어린이 교통안전 릴레이 챌린지’는 지난해 12월 행정안전부에서 어린이 보호구역 내 교통 안전을 강조하기 위해 시작한...",3,1,,
367,2021-07-02,이베이 품은 이마트…시너지 극대화 vs 승자의 저주 논란,"업계 일각에서 우려감을 표명하자 정용진 신세계 부회장은 ""얼마가 아니라 얼마짜리로 만들 수 있느냐가... S&amp;P, 무디스 등 신용평가사는 부정적 의견 이번 인수에서 신세계 이마트는 인수가액으로 3조4400억원을...",3,,?,
368,2021-07-02,"정용진 부회장, '어린이 교통안전 릴레이 챌린지' 동참…어린이 보호구역 강조",어린이 교통안전 릴레이 챌린지 동참(정용진 신세계그룹 부회장 인스타그램) 정용진 신세계그룹 부회장이 '어린이 교통안전 릴레이 챌린지'에 동참했다. '어린이 교통안전 릴레이 챌린지'는 지난해 12월 행정안전부에서...,3,1,,
369,2021-07-02,"“마음 따뜻한 용진이 형” 정용진 신세계 그룹 부회장, 어린이 교통안전 릴레...",뷰어스 심영범 기­자 정용진 신세계그룹 부회장이 '어린이 교통안전 릴레이 챌린지’에 동참했다. ‘어린이 교통안전 릴레이 챌린지’는 지난해 12월 행정안전부에서 어린이 보호구역 내 교통 안전을 강조하기 위해...,3,1,,
370,2021-07-05,"울산 중구, 신세계 계획 관련 공문 발송 예정","건립하겠다는 ㈜신세계의 계획에 대해 본격적으로 반격에 나선다. 건축 인허가권을 쥔 울산시가 ""중구와의 협의가 우선시돼야 한다""는 입장인 만큼 조만간 공문 발송을 통해 ㈜신세계(이하 신세계)를 압박한다는...",2,0,,
371,2021-07-05,"신세계푸드, 고용노동부 주관 '노사문화 우수기업' 선정","신세계푸드가 고용노동부에서 주관하는 2021년도 ‘노사문화 우수기업’으로 선정됐습니다. ‘노사문화... 중 신세계푸드가 이름을 올렸습니다. 신세계푸드는 ‘임직원이 행복한 회사’, ‘협력회사와 함께 성장하는...",2,1,,
372,2021-07-05,신세계-상인단체 '조정 결렬'...개장 연기?,"◀ＡＮＣ▶ 제주신화월드에 문을 열기로 한 대규모 점포를 놓고 신세계그룹과 상인단체의 갈등이 좀처럼... 운영하는 신세계사이먼이 오는 22일 브랜드 50여 개를 갖춰 개장할 예정입니다. 이에 대해, 도내 소상공인들은...",2,0,,
373,2021-07-06,"울산 초록우산, 신세계 이마트 희망장난감도서관 운영비 전달",초록우산어린이재단 울산지역본부는 6일 진각복지재단 울산화정종합사회복지관에 신세계 이마트 희망장난감도서관 운영비 1천500만원을 전달했다.,2,1,,
374,2021-07-06,"신세계그룹 이마트, 본사 건물 매각 검토","신세계그룹 이마트가 본사 건물과 점포 매각을 검토 중이다. 6일 관련업계에 따르면, 이마트는 본사 건물과 성수점 유동화를 자문사와 논의하고 있다. 이마트는 현재 부동산 자산의 시장가격을 조사하고 있는 것으로...",3,0,,
375,2021-07-07,[사설] 신세계는 우려하는 주민 여론 제대로 들어야,신세계 그룹의 울산 혁신도시 개발 사업은 장밋빛 말 잔치였다. 벌써 10년이 더 되어가는 이야기다. 지난 2013년 5월 신세계 그룹은 울산혁신도시에 백화점 건립계획을 발표했다. 혁신도시의 땅값이...,2,0,,
376,2021-07-12,신세계백화점 무산 중구 지방선거 '뇌관 될라'...여·야 '화살 돌리기',"울산혁신도시 신세계백화점의 입점 무산에 대한 중구 민심이 '부글부글' 끓어오르면서 지방선거를 앞두고... 고호근 울산시의원은 12일 울산시에 대한 서면질문을 통해 ""신세계는 시민들이 학수고대했던 백화점이나...",2,0,,
377,2021-07-12,'시흥꿈상회' 상생 협력 역할 톡톡,"기호일보, KIHOILBO 경기도주식회사는 상생 협력 매장 '시흥꿈상회 신세계프리미엄아웃렛점'의 올 상반기 매출이 전년도 대비 70% 정도 신장했다고 12일 밝혔다. 올 1월부터 6월까지 시흥꿈상회는 매출 7억3천만 원을...",2,1,,
378,2021-07-13,대구신세계百 'LX Z:IN 인테리어' 오픈,'LX Z:IN 인테리어 지인스퀘어 신세계백화점 대구점' 전경. 대구신세계백화점 제공 LX하우시스가 13일 대구신세계백화점에 대형 토털 인테리어 전시장인 'LX Z:IN 인테리어 지인스퀘어'를 열었다. 새롭게 오픈한...,2,0,,
379,2021-07-13,"SSG닷컴 ""이커머스 시장 이끌 인재 찾아요""",신세계의 이베이코리아 인수 후 우수 역량을 갖춘 인재를 선제적으로 영입해 빠르게 성장하고 있는... 조직으로 신세계그룹 내 온·오프라인 협업도 주도적으로 수행하고 있다. 이 밖에도 비즈니스 인사이트를...,3,1,,3-->2
380,2021-07-16,"스타필드 안성, 안전보건경영시스템 인증  ",(사진=신세계프라퍼티) 신세계프라퍼티가 운영하는 스타필드 안성이 국제표준화기구(ISO)의 안전보건경영시스템(ISO 45001) 인증을 받았다. 스타필드 안성의 ISO 45001 인증에 대해 15일 신세계프라퍼티는 국내 대형...,4,1,,
381,2021-07-16,"신세계, “휴젤 지분 인수 안한다”",신세계는휴젤 인수 추진 보도와 관련해 “경쟁력 강화를 위한 다양한 사업 검토 사항으로 지분 인수를 검토했으나 최종적으로 지분을 인수하지 않기로 결정했다”고 16일 공시했다.,3,0,,
382,2021-07-16,"신세계, 보톡스 기업 휴젤 협상 끝 인수 없어","신세계가 보톡스 기업으로 대표되는 휴젤의 지분 인수를 포기했다. 신세계는 16일 전자공시시스템을 통해 이 같이 밝혔다. 신세계는 조회공시 요구에 대한 답변을 오늘(16일)까지 해야했다. 이에 ""당사는 경쟁력 강화를...",3,0,,
383,2021-07-16,"신세계 ""휴젤 인수하지 않는 것으로 결정""",신세계가 보톡스 업체 휴젤 인수를 포기했다.신세계는 16일 휴젤 인수 여부와 관련해 “지분 인수를 검토했으나 최종적으로 인수하지 않기로 결정했다”고 공시했다.신세계 관계자는 “당사 주력 분야인 유통 및 패션...,3,0,,
384,2021-07-19,이슈진단 '대기업 먹튀 방지' 장치 마련하자(중),"울고 싶은 신세계 뺨 때리는 격 될라 정치권, 네탓 공방 중단하고 먹튀 방지 논의지구라도 만들어야 ""오피스텔 지을 바엔 땅 반납하고 울산 떠나라."" ㈜신세계가 울산혁신도시에 백화점도 스타필드형 쇼핑몰도 아닌...",3,0,,
385,2021-07-19,"울산시 ""신세계 개발계획, 혁신도시 특별계획구역 목적·방향과 시민 기대 못...","울산시가 신세계의 혁신도시 내 오피스텔과 일부 상업시설 계획이 특별계획구역 지정목적, 개발방향... 신세계 상업용지는 특별계획구역으로, 이는 특화된 상권 및 건축물의 입지를 유도하고 상업과 휴식 활동의 동시구현...",3,0,,
386,2021-07-19,[최태원 4대 그룹 총수 첫 SNS 계정 개설] 일상 공개하며 MZ 세대와 소통 강화...,최 회장의 개인 인스타그램 계정 개설이 소통 이미지를 부각하려는 노력의 일환으로 해석되는 이유다.대중과 SNS로 능숙하게 교류하는 또 다른 재벌 총수로는 박용만 두산인프라코어 회장과 정용진 신세계그룹...,3,0,,
387,2021-07-19,"[신세계, ESG 경영 활동 체계화] ‘쓰레기 줍는 정용진’…신세계 全 상장사 ...","정용진 신세계그룹 부회장. 정 부회장이 든 이마트 장바구니는 2018년 11월 비닐 쇼핑백 폐지 후 페트병을 재활용해 만든 것으로, 가방 전면에 멸종 위기 동물 ‘해달’의 이미지가 담겼다. 오른쪽은 신세계백화점...",4,1,,
388,2021-07-19,"신세계·네이버, 첫 협업 ‘지역명물 챌린지’","지난 3월 신세계그룹과 네이버는 2500억원 규모의 지분을 맞교환했다. 이마트는 자사주 82만4176주(지분 2.96%)를 네이버 주식 38만9106주(지분 0.24%)와, 신세계는 보유하던 신세계인터내셔날 주식 48만8998주(지분 6.85%)를...",2,1,,
389,2021-07-19,"이마트-네이버, '지역명물 챌린지' 첫 협업","최현 이마트 피코크 담당은 ""이번 프로젝트로 네이버의 우수 지역명물 셀러들과 피코크가 협업해 고객에게 더욱 새로운 '맛의 신세계'를 선보일 수 있게 될 것""이라며, ""고객에게는 지역 맛집 먹거리에 대한 접근성을...",2,1,,
390,2021-07-19,네이버-이마트 협력 엔진 본격 가동… SME 사업자 브랜드화하는 '지역명물 챌...,"이마트 피코크 최현 담당은 ""이번 프로젝트로 네이버의 우수 지역명물 셀러들과 피코크가 협업해 고객에게 더욱 새로운 '맛의 신세계'를 선보일 수 있게 될 것""이라며, ""고객에게는 지역 맛집 먹거리에 대한 접근성을...",3,1,,
391,2021-07-20,[기고] 먹튀 기업에 눈감은 시의회,"기사에 언급된 혁신도시 내 신세계백화점 부지 또한 최근 언론보도를 보면 처음 계획했던 사업에서... 이번 신세계백화점 부지 진행과정을 보면서, 늦었지만 시민들을 우롱하는 먹튀기업 방지를 위한...",3,0,,
392,2021-07-20,"울산시, 혁신도시내 신세계 개발 고강도 검증 예고","울산시가 신세계의 혁신도시 오피스텔 건립과 관련해 지구단위계획 변경 절차 등에 대한 고강도 검증을... 울산시는 ""신세계에서 계획하고 있는 오피스텔과 일부 상업시설의 계획은 특별계획구역의 지정목적과 개발방향...",3,0,,
393,2021-07-20,ubc 울산방송) '신세계 논란' 전국 첫 주민 주도 투표,논란이 거세지고 있는 신세계 입점과 관련해 울산지역 아파트 주민 수천 명이 여론조사를 벌이고 있습니다.... (리포트) 휴대전화 문자메시지에 신세계 입점에 대한 의견을 구하는 링크가 걸려 있습니다. 지난 2015년...,3,0,,
394,2021-07-21,골목상권 `공방마을` 특판전 22～25일 외동 신세계백화점,`김해 공방마을 특별판매전`이 22일부터 오는 25일까지 외동 신세계백화점 김해점에서 열린다. 무더위와 지속되는 코로나19로 어려움을 겪는 골목상권을 돕기 위해서다. 21일 시에 따르면 이번 행사에는 20개 공방이 참여해...,2,1,,
395,2021-07-22,신선식품부터 명품·구독까지… 네이버 `커머스 왕좌` 굳힌다,"신세계그룹과는 이마트 장보기 서비스를 넘어 명품 라인업에서 협력을 보여준다. 한 대표는 ""이마트 장보기... 끝나면 신세계와 명품 관련 논의를 추가적으로 진행할 것""이라고 부연했다. 머천트 솔루션 구축과 정기...",3,0,,
396,2021-07-26,혁신도시 주민들 “신세계 복합주거시설 계획 반대”,신세계 측이 최근 울산혁신도시 상업부지에 복합주거시설 건립 계획을 밝힌 가운데 혁신도시 일대 주민... 울산혁신도시 공동주택연합회는 투표 결과가 담긴 공문을 신세계와 국토부 등에 전달할 예정입니다.,2,0,,
397,2021-07-26,"박성민 의원, 울산 혁신도시 신세계 백화점 부지 개발 관련 간담회",혁신도시공동주택연합회와 신세계 백화점 부지 개발 관련 간담회를 가졌다. 박성민(국민의힘·울산 중구) 국회의원은 지난 25일 중구당협 사무국에서 혁신도시공동주택연합회와 신세계 백화점 부지 개발 관련 간담회를...,2,0,,
398,2021-07-26,"혁신도시 공동주택연합회, 한달여만에 '공식입장' 공문","짓겠다는 ㈜신세계 발표 이후 한 달여 만에 공식입장을 관련 기관 등에 알리고 나섰다. (본지... 이는 앞서 2주간 실시된 신세계 혁신도시 개발계획 관련 설문조사 결과를 취합한 것으로, 조사...",2,0,,
399,2021-07-27,CJ프레시웨이 ESG경영 관심도 1위…'아워홈'·현대그린푸드' 순,"박홍진), 신세계푸드(대표 송현석), 삼성웰스토리 (대표 한승환) 등이다. '롯데푸드(대표 이진성)'는 타... '신세계푸드'가 18건으로 뒤를 이었으며 '삼성웰스토리'가 5건으로 ESG 관련 정보량을 찾아보기 쉽지 않았다.",1,1,,
400,2021-07-27,"광주신세계, 고령취약계층에 후원금","㈜광주신세계는 27일 광주 서구청장실에서 희망친구 기아대책과 함께 고령취약계층을 위한 시원한 여름... 광주신세계 대표, 오병상 기아대책 차장 등이 참석했다. 이동훈 광주신세계 대표는 “연일 폭염에 코로나19와...",2,1,,
401,2021-07-27,"[금일 유통업계 주요기사] 신세계, 스타벅스코리아 최대주주 등극...보복 소비...","신세계그룹이 이마트를 통해 스타벅스커피코리아 지분 17.5%를 추가로 인수하며 지분 67.5%를 보유한... ◆ 신세계, 스타벅스코리아 최대주주 등극...“지분 17.5% 추가 인수” 신세계그룹의 이마트는 27일...",3,,?,
402,2021-07-27,야구단·이베이 이어 스타벅스까지 … 정용진의 거침없는 M&A 행보,"정용진 신세계그룹 부회장이 프로야구단 SSG랜더스, 온라인 패션 플랫폼 W컨셉에 이어 이베이코리아와... 신세계 이마트는 27일 스타벅스커피코리아 지분 17.5%를 미국 스타벅스 본사로부터 4742억원에 추가 인수하는...",3,,?,
403,2021-07-27,"신세계그룹, 스타벅스 지분 추가 인수…‘진정한 주인됐다’","박유니 기자, 신세계그룹이 스타벅스커피 코리아 지분을 추가 인수한다. 이마트는 27일 스타벅스커피 인터내셔널이 보유하고 있던 스타벅스커피 코리아 지분 50% 중 17.5%를 추가 인수한다고 밝혔다. 이로써 신세계그룹은...",3,,?,
404,2021-07-28,"""스벅에서 정용진 커피 한잔?""… 한국회사 된 스타벅스 코리아, '신세계화'하...",미국 본사와의 공동 소유에서 완전히 한국 회사(신세계그룹 이마트 소유)가 된 스타벅스는 그간의 모습을... 일각에선 '커피가 아닌 문화를 판다'는 스타벅스 고유의 정체성이 당장 최대주주 신세계에 의해 변형될 거란...,3,,?,
405,2021-07-28,"신세계푸드, 대체육 시장 진출… 브랜드 'Better meat' 론칭",신세계푸드 대체육 브랜드 '베러미트' 신세계푸드가 식품업계의 미래 먹거리로 주목받고 있는 대체육 사업에 본격 시동을 걸었다. 28일 신세계푸드는 독자기술을 통해 만든 대체육 브랜드 '베러미트(Better meat)'의...,1,1,,
406,2021-07-28,"신세계푸드, 대체육 브랜드 '베러미트' 론칭…스타벅스서 첫선",사진=신세계푸드 ［월요신문=이인영 기자］신세계푸드가 독자기술로 만든 브랜드 '베러미트'(Better meat) 론칭을 통해 대체육 시장에 본격 진출한다. 신세계푸드는 28일 온라인 기자간담회를 열고 베러미트 첫 제품으로...,1,1,,
407,2021-07-29,신세계 사례로 본 '대기업 먹튀방지' 관련 연재 돋보여,"▲오진수독자권익위원장(울산신용보증재단 이사장): 시리즈로 보도된 '이슈 진단-대기업 먹튀방지 장치 마련하자' 는 중구 혁신도시 내 신세계 백화점을 예로 들면서 현실적인 문제점 제시와 이에 따른 지역정치권, 시...",3,0,,
408,2021-07-29,광주 대형쇼핑몰 유치 둘러싼 논쟁 ‘재점화’,"신세계가 6천억원을 투입해 특급호텔과 면세점 등 복합시설을 짓기로 광주시와 협약까지 맺었지만, 중소상인의 반발에 정치권까지 가세하면서 결국 무산됐습니다. 이후 잠잠했던 복합쇼핑몰 유치 논란이 다시 불거지고...",3,0,,
409,2021-07-29,"이마트, 성수동 본사 매각작업 착수 … ""전략적 자산 재배치""",신세계그룹 이마트가 서울 성수동 본사 건물 매각을 위한 절차에 들어갔다. 이베이코리아에 이어 스타벅스코리아 지분을 추가로 인수하면서 필요한 자금을 마련하기 위해서다. 29일 유통업계에 따르면 이마트와 성수동...,3,,?,
410,2021-07-29,공격적 M&A 뒷받침...본사 매각하는 이마트,이베이코리아를 인수하고 스타벅스코리아 지분을 추가로 확보한 신세계그룹 이마트가 본사 건물 매각을... 공격적인 인수·합병(M&amp;A) 행보를 하는 정용진 신세계그룹 부회장의 이같은 전략이 성공할지 주목된다. 이마트는...,3,,?,
411,2021-07-29,이베이 이어 스타벅스 품은 신세계...이마트 본사 건물 매각 추진,최근 이베이코리아에 이어 스타벅스코리아 지분까지 인수한 신세계그룹 이마트가 투자 자금을 확보하기 위해 서울 성수점이 있는 본사 건물 매각을 추진한다. 29일 유통업계에 따르면 이마트와 성수동 본사 유동화를...,3,,?,
412,2021-08-02,"[스타벅스커피코리아 품은 신세계, 지분 추가 인수해 최대주주] 거침없는 정용...",이코노미조선= | 정용진(오른쪽) 신세계그룹 부회장이 스타벅스커피코리아 유튜브에서 국내에 스타벅스 1호점을 낸 22년 전을 회상하고 있다. 사진 스타벅스커피코리아신세계그룹 이마트가 스타벅스커피코리아...,3,,?,
413,2021-08-03,"""이게 다 '용진이형' 때문이야""…'엄근진' 버린 CEO들, 지금 '촬영중'",재벌 총수의 SNS 활동 원조 격인 정용진 신세계그룹 부회장도 이마트 공식 유튜브 채널에 등장에 제품을 직접 홍보했다. 지난해 12월 게재된 '정용진 부회장이 배추밭에 간 까닭은?'이라는 제목의 영상이다. 이마트가...,3,,?,
414,2021-08-09,SSG닷컴 상장 추진한다···주중 주관사 선정 RFP 발송,신세계그룹 소속 e커머스(전자상거래) 기업 SSG닷컴이 IPO(기업공개)를 추진한다. 이번주 내로 상장... SSG닷컴 상장은 신사업 투자금이 필요한 이마트와 신세계의 현금 흐름을 틔워 줄 것으로 보인다. 이마트는...,3,,?,
415,2021-08-09,SSG닷컴 IPO 본격 시동…복수 증권사 접촉 시작,신세계그룹 통합 온라인 쇼핑몰 SSG닷컴이 본격적인 기업공개(IPO) 행보에 나선다. 컬리 등 새벽배송 업체들의 IPO 속도가 빨라지면서 SSG닷컴도 움직임을 서두르는 것으로 보인다. 9일 투자은행(IB) 업계에 따르면 최근...,3,,?,
416,2021-08-10,온라인 몰 SSG닷컴 상장 노크,신세계그룹의 통합 온라인몰 SSG닷컴이 주식시장 상장을 추진한다/이코노텔링그래픽팀. 신세계그룹의 통합 온라인몰 SSG닷컴이 주식시장 상장을 추진한다. 이번 주 중으로 국내 주요 증권사에 입찰제안요청서(RFP)를...,3,,?,
417,2021-08-10,SSG닷컴 IPO추진... 내년 중 상장 전망,신세계그룹의 온라인 쇼핑 채널 SSG닷컴이 당초 예상보다 빠르게 상장을 추진하고 있다. 10일 유통업계에... 업계에서는 SSG닷컴이 내년 중 상장할 것으로 보고 있다.신세계그룹은 최근 디자이너 편집샵W컨셉과...,3,,?,
418,2021-08-13,"SSG닷컴, 상장 준비 돌입…주관사 선정 나서",신세계 그룹의 통합 온라인몰인 SSG닷컴이 본격적인 증시 상장 준비에 나섭니다. 13일 SSG닷컴은 주요 증권사에 상장 주관사 선정을 위한 입찰 제안 요청서를 보낸 것으로 알려졌습니다. SSG닷컴은 구체적인 상장 예상...,3,,?,
419,2021-08-13,정용진도 반했다 '벤츠 호텔'…하차감 끝내주는 '성공 아이콘',스프린터는 얼리어답터(Early-adopter)로 '1호 마니아' 정용진 신세계 부회장이 구입하면서 화제가 되기도 했다. 스프린터는 1995년 1세대 출시 이후 현재까지 130여개국에서 400만대 이상 판매된 글로벌 베스트셀링카다....,3,0,,
420,2021-08-13,"강원도, 인제 황태 생산농가 판로 지원…라이브커머스·기획전 실시","또 코로나19 시대에 맞춰 비대면·온라인 방식의 기획전을 강원마트 및 강원마트 제휴쇼핑몰(11번가, SSG 신세계몰, 롯데ON)에서 오는 16일부터 9월12일까지 진행한다. 최문순 강원지사는 “이번 라이브커머스와 기획전을...",2,1,,
421,2021-08-16,道 ‘전국 최고 인제 황태' 팔아주기 나서,SSG 신세계몰과 롯데ON 등에서는 오는 23일부터 기획전을 실시한다. 다음 달 중순까지 열리는 오픈마켓 기획전을 위해 도는 인제 덕장에서 생산된 우수 황태를 엄선했다. 또 17일 오전 11시부터 낮 12시까지 인제군 매바위...,2,1,,
422,2021-08-19,"뭇매 맞는 신세계…""울산 시민과 약속 지켜라""","㈜신세계가 울산혁신도시 내 오피스텔 건립 계획 건으로 지역사회 뭇매를 계속 얻어맞고 있다. 중구민 주축 오피스텔 개발 계획 반대 범시민 서명운동 참여율은 목표치에 다다랐고, 혁신도시 노조측은 신세계...",2,0,,
423,2021-08-19,"울산 중구민 ""신세계, 혁신도시에 백화점 안 지으면 떠나라""",울산혁신도시노동조합 대표자협의회는 19일 중구청 프레스센터에서 신세계의 울산혁신도시 부지 내 오피스텔 건립 계획 규탄 기자회견을 열고 신세계는 당초 약속을 이행하지 않는다면 해당 부지를 당초 매입가로...,2,0,,
424,2021-08-19,최태원 정용진 재벌 인싸 회장님 엇갈린 SNS 행보 화제,'재계 인싸' 최태원 SK그룹 회장과 정용진 신세계그룹 부회장이 서로 다른 소셜네트워크서비스(SNS) 행보를 보이고 있다. 정 부회장은 개인 계정에서 정치적 소신 발언을 이어나가는 반면 최 회장은 소소한 일상을...,3,,?,
425,2021-08-20,"""소 트림·방귀 메탄가스, 소형차 맞먹어""…대체육이 뜨는 이유","▶ 인터뷰 : 민중식 / 신세계 R&amp;D센터 연구소장 - ""기존에 먹는 습관이 있기 때문에 소비자가 생각하는 식감, 맛, 색상, 향을 최대한 구현하려고 기술적으로 노력하고 있습니다."" 샌드위치와 햄버거 패티부터 서서히 고기를...",1,1,,
426,2021-08-23,"지니뮤직-신세계百, 인디 뮤지션 위한 비대면 공연 프로젝트 진행",지니뮤직이 신세계백화점과 손잡고 인디 뮤지션을 위한 프로젝트 'RE:PLAY'(리플레이)를 진행한다고 23일... 이는 지난 6월 전략적 제휴를 맺은 지니뮤직과 신세계백화점의 고객경험을 확장하기 위한 협업마케팅의...,2,1,,
427,2021-08-25,사회적경제기업 김해에선 쑥쑥 자라네,또 신세계백화점 김해점과 대구-포항 고속도로 와촌휴계소에도 매장을 입점해 판매를 돕고 있다. 허성곤... 박준언기자 허성곤 김해시장과 관계자들이 김해 신세계백화점에서 김해시 사회적경제기업에서 만든 제품을...,2,1,,
428,2021-08-30,도내산 농산물 인증제품 판로 확대,"강원도가 농촌 융복합산업 인증제품의 판로 확대를 위해 오늘(30일) 신세계TV쇼핑과 상생협력 업무협약을 맺었습니다. 이에 따라 신세계TV쇼핑에 '강원 농촌 융복합산업 인증제품' 브랜드관이 개설되고, 온라인 쇼핑몰...",2,1,,
429,2021-09-01,"[사설] 신세계, 현지법인화로 지역 상생 의지 보여야",울산 중구의회가 울산혁신도시에 백화점 대신 오피스텔을 짓겠다며 울산시민과 약속을 지키지 않고 있는 신세계에 현지법인화에 적극 나서라고 촉구했다. 신세계가 지역에 유통시설을 건립하며 상생...,2,0,,
430,2021-09-02,“추석 대목 잡자” 지역 유통가 선물세트 본격 판매,"광주신세계백화점과 롯데백화점 광주점이 보름 여 앞으로 다가온 추석을 맞아 지역 특산품 등 다양한 상품을 마련, 본격적인 마케팅에 돌입했다. 사진은 광주신세계백화점 추석 선물세트 코너.&lt;광주신세계백화점 제공...",2,,0?,
431,2021-09-02,"유통업계, 추석 선물세트도 ESG…'친환경' 트렌드 부각",신세계백화점은 백화점 업계 최초로 '업사이클링 보냉백'을 도입한다. 폐페트병을 재활용해 만든 원단인 'R... 신세계는 아이스팩 내부 보충재를 물과 전분을 섞은 천연물질로 교체해 무더위 속에서도 오래 지속되도록...,1,1,,
432,2021-09-02,"""지역민 모셔라""… 백화점업계 '향토대전' 활활","갤러리아, 42년 성원 감사제 롯데百, 향토 브랜드 입점 주력 세이百, 위상 확립·봉사 지속 신세계, 꿀잼도시... ▲ 대전신세계 Art&amp;Science 꿀잼도시 대전홍보관. 사진=대전신세계 Art&amp;Science는 '꿀잼도시 대전홍보관'를...",2,1,,
433,2021-09-03,"정용진이 고른 ‘YJ 박스’, 12시간만에 품절… 내용물 보니",신세계그룹 정용진 부회장이 고른 이마트 자체브랜드(PB) 상품 25종으로 구성된 ‘YJ 큐레이션 박스’가 출시한 지 한나절 만에 품절됐다. 3일 이마트 등에 따르면 추석 명절을 앞두고 전날 오전 11시부터 SSG닷컴...,3,0,,라벨 수정 필요
434,2021-09-03,“정용진이 픽했다”…10만 원 짜리 ‘YJ 박스’ 출시 당일 완판,정용진 신세계그룹 부회장이 직접 고른 상품을 담은 9만9000원짜리 ‘YJ 큐레이션 박스’ 500개가 출시 하루 만에 품절됐다. 3일 이마트에 따르면 지난 2일 남성용 큐레이션 쇼핑 플랫폼 하우디에서 판매된 ‘YJ 박스’...,3,0,,
435,2021-09-03,도시농업-귀농 '붐'... 마트로 들어간 트랙터,제품 구입 시 기종마다 4%에서 최대 38%까지 할인 혜택과 신세계 상품권 100만원을 증정하며 현금이나 카드 또는 농협캐피탈을 이용해 결제가 가능하다. 팝업 매장에서 구매한 트랙터도 지역 내 대동 대리점에서 점검 및...,4,0,,
436,2021-09-03,정용진이 직접 고른 'YJ 박스' 출시 당일 품절,뉴스토마토 = 홍연 기자 | 정용진 신세계그룹 부회장이 자신의 인스타그램에 올린 품절 안내 게시글. /정 부회장 인스타그램 캡처  정용진 신세계(004170)그룹 부회장이 직접 고른 이마트(139480) 자체상표(PB) 부착...,3,0,,
437,2021-09-03,"""노잼도시 안녕~"" 과학도시 대전에 신세계가 열렸다",] 18편-과학도시 대전 200% 즐기기 [충청투데이 ] 대전에 '신세계'가 열렸다. 지난달 27일 대전신세계 Art&amp;Science(이하 아트앤사이언스) 오픈 이후 대전은 '핫'하다. 그러나 잊지 말자. 대전엔 명실상부한 터줏대감이 있다....,2,1,,
438,2021-09-06,"""커피화분 식물 가꾸며 친환경 사업 동참을""",대구 신세계백화점 에 입점해 '커피박 환·생 스토어'를 운영한다. 중구청 제공 대구 중구자활근로사업단 '커피큐브'가 커피 찌꺼기(커피박) 재활용상품 체험매장인 '커피박 환·생 스토어'를 대구 신세계백화점 8층에서...,1,1,,
439,2021-09-08,3D 프린터로 꽃등심까지··· 발전하는' 대체육' 시장,"대체육이 미래 먹을거리로 주목받으면서 SK와 롯데, 신세계 등 대기업들이 줄줄이 이 시장에 뛰어든 것. 현재... 신세계푸드는 대체육 브랜드 '배러미트'를 내놓았다. 첫 제품으로 돼지고기 대체육인 햄을 출시한 데 이어...",1,1,,
440,2021-09-08,"전남도, 추석 농축수산물 판촉 총력전","광주 신세계백화점, 롯데백화점 분당점, 대전 세이백화점이 협력해 코로나19로 힘든 업체의 경영난을 해소하고 안정적 판로를 구축하기 위해 마련했다. 지역별로 ▲6-16일 광주 신세계백화점 ▲9-19일 롯데백화점 분당점...",2,1,,
441,2021-09-08,"“스타필드 창원, 건축허가 전 지역협력 계획 제시해야”","신세계 측이 지난 8월 23일 창원시에 건축 심의를 신청했다. 이에 시는 9월 경남도에 건축 사전승인(심의) 요청을 했으며, 10월에는 경남도에서 건축 심의를 받게 된다. 이후 12월께 건축 허가가 나면 곧바로 착공에 들어가...",2,1,,
442,2021-09-09,"오산시, 탄소중립 실천문화 조성 위해 관내 기업과 업무협약 체결","협약식에는 생분해소재 제품을 개발한 사회적 기업 시락푸드㈜와 대상㈜ 오산공장, ㈜신세계푸드 오산공장, ㈜후레쉬서브 오산공장, ㈜에프앤에스식품 대표들이 참석했다. 시락푸드㈜가 개발한 친환경 생분해소재...",1,1,,
443,2021-09-14,"정용진, 광주 신세계 지분 매각… 증여세 재원 마련",정용진 신세계그룹 부회장. 뉴시스 정용진 신세계그룹 부회장이 증여세 납부를 위해 자신의 광주신세계 지분 전량을 매각했다. 신세계는 정 부회장이 보유한 광주신세계 주식 83만3330주(52.08%)를 약 2285억원에...,3,,1?,
444,2021-09-15,알아주는 식탐의 소유자가 '비건'으로 사는 방법,"비건을 시작하고 알게 된 맛의 '신세계' ▲  나로 말할 것 같으면, 아무리 먹어도 배가 부르지 않게 되어서 더 많은 음식을 실컷 탐할 수 있길 바라는 사람이었다. ⓒ unsplash 살아오면서 신기한 이들을 종종 만나왔다. 내...",1,,신세계 관련 기사 아님,
445,2021-09-16,"""신세계 일방적 계획 발표"" 지역사회 반발 확산","◀ＡＮＣ▶ 신세계가 백화점을 짓겠다던 약속과 달리 오피스텔 건립 계획을 내놓은지 석달 만에 오늘(9/16)... 지역사회 비난 여론을 의식해 상업시설을 더 늘리겠다는 밝혔는데, 지자체와 주민들은 신세계가 국정감사를...",2,0,,
446,2021-09-16,신세계 오피스텔 유지한 채 쇼핑몰 건설.. 중구·울산시 반발,신세계가 중구 혁신도시 부지에 2026년까지 지하 1층 지상 3층 규모의 쇼핑몰을 짓겠다는 계획을 발표했습니다. 신세계는 오피스텔 건립은 그대로 유지한 채 기존 3개층 규모이던 쇼핑몰은 5개층으로 늘려 조성하겠다고...,2,0,,
447,2021-09-20,"신세계푸드, 노브랜드+대체육으로 실적 개선세 지속-하나금투","하나금융투자는 20일 신세계푸드에 대해 올해 3·4분기에도 상반기에 이어 신사업 순항 등으로 실적 개선세가 이어질 것이라며 투자의견 '매수', 목표주가 14만원을 제시했다. 신세계푸드의 3·4분기 연결 기준 매출액과...",1,1,,
448,2021-09-20,"이마트, ESG 경영 집중도 국내 마트 중 1위... 홈플러스 뒤이어",이마트와 신세계는 경영이사회를 열고 이사회 내 사회공헌 영역에 국한했던 '사회공헌 위원회'를 환경(E)... 이를 통해 이마트는 한국기업지배구조원이 평가한 ESG 등급에서 같은 신세계 그룹인 신세계...,5,1,,3으로 변경?
449,2021-09-21,"용진이 형, 이번엔 신인들에게 한우 선물... 구단주 또 통 크게 쐈다",'용진이 형' 정용진(53) SSG랜더스 구단주 겸 신세계그룹 부회장이 신인 선수들에게 추석 선물을 보낸 것이다. 이러한 사실은 신인 선수들이 각자의 SNS에 인증샷을 올리면서 공개가 됐다. 정 구단주는 자신의 이름으로 팀에...,3,1,,
450,2021-09-22,신세계 발표 이후 거센 후폭풍…표리부동 지적 목소리,▷속보=㈜신세계가 울산혁신도시 부지에 오는 2026년까지 스타필드형 쇼핑시설을 조성하겠다고 새롭게 발표(본지 2021년 9월 17일자 1·3면 보도)한 이후 후폭풍이 거세다. 22일 본지 취재를 종합하면 신세계가 울산을 놓고...,3,0,,
451,2021-09-22,[사설] 신세계는 상생위한 진정성 있는 대안 마련 나서라,울산에서는 신세계의 먹튀 논란과 울산공항 폐쇄 공론화가 최대 화두가 됐다. 공항 문제는 장기적 과제로 다룰 문제지만 백화점 문제는 재벌의 먹튀 논란을 불러와 단연 뉴스의 초점이 됐다. 신세계가...,3,0,,
452,2021-09-22,친환경 생존시대 ‘주유소의 변신’은 무죄,신세계그룹 계열의 부동산 개발업체인 신세계프라퍼티는 지난 15일 코람코에너지플러스리츠와 협약을 맺고 주유소 부지 개발에 나섰다. 코람코에너지플러스리츠는 전국 주요 지역 187개 주유소를 자산으로 보유하고...,4,1,,
453,2021-09-29,"중구의회 민주당 의원 “신세계, 제대로 된 계획 제출해야”","울산 중구가 신세계 측에 요구한 혁신도시 개발 수정안 제출 기한이 하루 앞으로 다가온 가운데, 중구의회 민주당 소속 의원들이 신세계 측에 내일까지 혁신도시 중심상업부지에 합당한 개발 계획을 제출할 것을...",2,0,,
454,2021-09-29,"""신세계는 30일까지 제대로 된 상업시설 개발계획 제출하라""","울산혁신도시의 ㈜신세계 개발계획안을 둘러싼 논란이 이어지고 있는 가운데 중구의회 의원들이 ""30일까지... 이들은 ""신세계는 지난 16일 스타필드형으로 교묘히 포장된 알맹이 없는 쇼핑시설 건립안을 일방적으로...",2,0,,
455,2021-09-29,울산시의회 혁신도시 신세계 문제 해결 모색 위해 대전 벤치마킹,"울산시의회 황세영(사진), 이상옥(사진) 의원은 혁신도시 내 신세계 부지 현안 해결방안 모색을 위해 29일 대전 신세계백화점을 벤치마킹했다. 중구를 지역구로 두고 있는 두 의원은 지난 8월 개점한 '대전 신세계 아트 앤...",2,0,,
456,2021-09-29,[자치시대] 신세계 현지법인화로 '진짜' 울산기업 돼야 한다,"신세계, 오피스텔 건립하려다 주민 반대에 부딪혀 여론 의식해 상업시설 늘렸으나 현지법인화 언급 없어 큰 그림 제시하고 '먹튀 행위'에 반대 의지 보여주길 신세계가 울산혁신도시 개발 방안을 두고...",2,0,,
457,2021-09-29,"중구의회 ""신세계, 상업시설 개발 계획 제시하라""",중구가 신세계에 내일(9/30)까지 새로운 혁신도시 부지개발 계획안 제시를 요구한 가운데 오늘(9/29) 중구의회 민주당 의원들이 중구청 프레스센터에서 기자회견을 열고 신세계에 상업시설 개발계획안 제시를...,2,0,,
458,2021-09-29,신화월드 신세계 아웃렛 ‘조정 권고’…다음 달 개점,[앵커] 신세계사이먼이 제주신화월드에 추진하는 프리미엄 아웃렛에 대해 중소벤처기업부가 사업조정 권고를 내렸습니다. 신세계 측은 조정 권고사항을 이행해 다음 달 문을 연다는 계획입니다. 김가람 기자의...,2,0,,
459,2021-09-30,“상업시설 규모 늘려 개발”…“기존안 수준 답변 실망”,울산 중구가 신세계측에 요구한 구체적인 개발계획과 관련해 신세계 측이 기존에 밝힌 것과 같이 상업시설 규모를 늘려 복합시설로 개발하겠다고 밝혔습니다. 또 그동안 사업이 원할하게 추진되지 않은 것에 대해 유감을...,2,0,,
460,2021-09-30,"신세계, 울산 중구측에 개발계획 관련 입장표명","신세계가 '빈보따리'를 들고 울산을 찾았다. 중구는 신세계에 유감을 표명했다. 울산시 중구가 신세계에 혁신도시 개발계획에 대해 새로운 계획을 내놓으라는 기한인 30일, 신세계는 공문을 들고 찾아왔다. 중구에 따르면...",2,0,,
461,2021-09-30,"㈜신세계, 중구청이 '9월말까지' 요구한 진전된 개발계획 제시 안해","울산 중구가 오피스텔 개발안을 발표해 먹튀 비난을 초래한 ㈜신세계에 9월 말까지 '진정성 있고 구체적인... 앞서 ㈜신세계는 지난 6월 말, 8년간 약속해온 백화점 건립 대신 상업시설이 10%에 불과한 오피스텔 개발계획을...",2,0,,
462,2021-09-30,ubc 울산방송) 오피스텔 계획 유지..실망,"신세계가 주민 여론을 경청하고 지자체와 협의를 약속했지만, 오피스텔 개발 계획은 유지하기로 했습니다.... 대해, 신세계 측이 오늘(30-어제) 중구를 방문해 공식 입장을 밝혔습니다. (CG) 먼저 그동안 사업이 원활히...",2,0,,
463,2021-10-01,바뀐 것 없는 신세계…“엄정 대응”,[앵커] 구체적인 개발계획을 요청하는 중구의 요구에 신세계 측이 기존 개발안을 재확인하는 수준의 입장을 내놓았습니다. 이에 대해 중구는 신세계가 또 다시 시간을 끌려고 한다며 엄정 대응을 예고했습니다. 보도에...,2,0,,
464,2021-10-01,"신세계 대표이사, 손영식 前 신세계디에프 대표 내정",신세계그룹은 1일자로 2022년 정기 임원인사를 단행했다. 올해는 예년보다 이른 10월초에 인사를 앞당겨... 먼저 ㈜신세계 대표이사로 前(전) ㈜신세계디에프 손영식 대표가 내정됐다. 기존 ㈜신세계 차정호 대표는...,3,,1?,
465,2021-10-01,신세계백화점 새 대표 명품기획통 손영식,신세계그룹은 1일 손영식(58) 신세계디에프(DF) 대표를 신세계백화점 대표로 내정하는 등 정기 임원 인사를 했다. 사진(손영식 신세계백화점 대표·오른쪽)=신세계그룹/이코노텔링그래픽팀. 신세계그룹은 1일 손영식(58)...,3,,1?,
466,2021-10-01,"신세계 여전히 묵묵부답.. 중구 ""압박 수위 높인다""","◀ＡＮＣ▶ 중구 혁신도시에 백화점을 짓겠다는 약속을 깬 신세계가 중구의 잇따른 요구에도 정확한 사업 계획을 내놓지 않고 있습니다. 중구는 신세계가 지역 사회를 우롱하고 있다며, 항의 집회와 불매 운동까지...",2,0,,
467,2021-10-01,ubc 울산방송) '신세계 부지 개발' 타협점은 어디에?,신세계의 혁신도시 부지 개발 방향에 대해 중구가 표면적으로는 실망의 뜻을 보였습니다. 다만 상업시설의... (리포트) 신세계가 중구에 보낸 혁신도시 부지 개발 방향은 크게 세가지. (CG) 기존 울산의 백화점 규모보다 큰...,2,0,,
468,2021-10-04,창원시설공단 `노인의 날` 맞아 다양한 행사 개최,성산노인복지관은 신세계요양병원의 지원으로 참석 노인들에게 건강키트와 기념품을 제공하고， 창원보건소와 다비치안경점에서 건강검진과 안경세척 서비스를 실시했다. 의창노인복지관은 독일보청기 등 단체가...,2,1,,
469,2021-10-04,"울산 중구 ""㈜신세계, 구체적 혁신도시 상업시설 계획 밝혀라""","박태완 울산 중구청장이 ""㈜신세계는 울산 혁신도시 부지 상업시설 계획을 구체적으로 제시하라""며 유감을 표했다. 앞서 지난 6월 신세계가 당초 백화점 건립 용지로 매입한 혁신도시 부지에 오피스텔 중심 주상복합 건립...",2,0,,
470,2021-10-04,"울산 중구 ""신세계, 혁신도시 부지 개발 구체적 계획 기다렸지만 차이 없는 답...",박태완 중구청장과 주민대표단이 지난 1일 중구청 프레스센터에서 혁신도시 신세계 부지 개발방향 회신에 따른 기자회견을 하고 있다. 울산 중구청과 주민자치윈원회 등 각급 단체는 '신세계 울산혁신도시 부지 개발방향...,2,0,,
471,2021-10-04,대학·지역사회가 동반성장하는 '청년 희망도시 경산',△지식산업지구 2단계 지역에 신세계사이먼이 1천200억원을 투자해 대규모 아울렛을 설립키로 했으나 분양가를 두고 특혜 시비가 일어 현재 주춤하고 있다. 최근엔 김부겸 국무총리가 방문해 관심을 보이기도 했다. 이...,2,0,,
472,2021-10-04,"취준생 숨통 트일까…대기업 채용 시장 열린다, IT 쏠림 뚜렷해져","10대 그룹 중 공채를 유지하고 있는 곳은 삼성, SK, 포스코, GS(일부 계열사), 신세계 등에 그쳤다. SK는 올해... 규모"", 신세계그룹은 ""예년 수준""이라고 각각 밝혔다. 코로나19로 인해 인·적성 검사, 필기시험 등은 10대 그룹...",3,1,,
473,2021-10-05,"울산 중구청장, 내일 이마트 본사 항의 시위…신세계 계획 반발","박태완 울산 중구청장이 신세계 측이 밝힌 울산혁신도시 개발 계획에 반발하며 항의성 1인 시위를 예고했습니다. 울산 중구는 신세계가 혁신도시 내 상업 기능 활성화를 요구하는 지역 여론에 귀 기울이지 않는다며, 내일...",2,0,,
474,2021-10-05,혁신도시 오피스텔…학교용지 확보 ‘논란’,"[앵커] 특혜성 개발 논란이 이는 중구 혁신도시의 신세계 오피스텔 사업이 '학교용지 확보'라는 또 다른... 이에 따라 신세계가 오피스텔을 지을 경우, 울산시교육청과 학교의 증축, 또는 신설에 대해 반드시 협의를 거쳐야...",2,0,,
475,2021-10-06,"송철호 울산시장 ""신세계 계획, 반드시 주민과 협의""","송철호 울산시장이 ""신세계 울산혁신점 계획은 반드시 주민들과 협의해 나가야 한다""는 입장을 재차 강조했다. 송 시장은 6일 개회한 울산시의회 본회의에서 ""신세계백화점 유치 노력은 하지 않고 송 시장이 딴지만...",2,0,,
476,2021-10-06,"박태완 울산 중구청장, 서울 이마트 본사 앞서 1인 시위",박태완 중구청장이 6일 서울 성동구에 위치한 이마트 본사 앞에서 ㈜신세계의 약속 이행을 촉구하는 내용의 팻말을 들고 1인 시위를 하고 있다. 박태완 울산 중구청장과 중구민들이 ㈜신세계 정용진 부회장 집무실이 있는...,2,0,,
477,2021-10-06,"박태완 울산 중구청장, 서울 이마트 본사서 1인 시위",박태완 울산 중구청장과 중구 주민들이 ㈜신세계의 울산 혁신도시 부지 상업시설 계획과 관련해 서울 이마트 본사를 찾아 릴레이 1인 시위에 나섰다. 이번 릴레이 1인 시위는 ㈜신세계가 중구 혁신도시에 당초 백화점...,2,0,,
478,2021-10-06,"송철호 울산시장 신세계 계획에 ""걸 맞는 시설 건립 위한 시 자체방안 검토""","신세계의 오피스텔 위주 개발계획에 대해 ""당초 특별계획구역으로 지정된 혁신도시 중심상업지역에 걸 맞는 시설 건립을 위한 시 자체방안을 검토 중""이라고 밝혔다. 송 시장은 6일 임시회 본회의에서 ""시가 신세계백화점...",2,0,,
479,2021-10-06,"페트병 등 재활용, 친환경을 입고 신는다",신세계인터내셔날은 지난 7월 천연 소재와 자투리 원단을 사용해 만든 패션브랜드 러브 바이 커티스쿨릭(러브)을 선보였다. 신세계인터내셔날 관계자는 “두 달치 판매를 예상하고 준비했던 초도물량이 10일 만에...,1,1,,
480,2021-10-06,"[창간특집] 멈춰섰던 산업동력 '리셋', 다시 돌린다 '뉴노멀'",광주신세계 등 지역 백화점과 대형 할인점 지역 유통업계도 위드 코로나로 내수가 회복돼 매출 상승 등 수혜를 입을 것으로 예상하고 있다. 특히 지역 유통업계는 다중이 이용하는 시설인 만큼 코로나 재확산으로 인한...,2,0,,
481,2021-10-06,"'상생소비지원금', 지역 경제도 살리고 최대 20만 원도 받고","단, 이마트·홈플러스 등의 대형 마트, 롯데·신세계 등의 대형 백화점, 복합 쇼핑몰, 면세점, 전자 제품 판매점, 쿠팡·G마켓 등의 대형 온라인 몰, 홈쇼핑, 유흥 업종, 사행 업종 등에서 사용한 실적은 인정되지 않는다....",2,0,,
482,2021-10-07,중구의회 민주당 의원들도 신세계 항의 시위 참여,"신세계의 혁신도시 개발계획에 반대하는 주민 릴레이 1인 시위가 이마트 본사에서 진행되고 있는 가운데, 울산 중구의회 민주당 소속 의원들도 시위에 참여했습니다. 이들은 ""중구 지역의 활성화는 물론 울산 경제에...",1,0,,
483,2021-10-07,"대전신세계, 결연아동 위한 식료품패키지 전달","▲7일 김낙현 대표이사, 안용준 부점장 등 대전신세계 임원진이 정용래 유성구청장에게 '행복나눔 식품패키지 박스'와 초록우산어린이재단 대전지역본부에 온누리상품권 3천만 원을 전달했다. 사진=대전신세계 제공....",2,1,,
484,2021-10-07,[대구보건대학교 호텔외식조리학부 특집] 국내 최초 커피전공.대구․경북 최초...,그 중 김성현 동문은 신세계푸드 대기업 공채에 4년제 지원자들과 경쟁해 당당히 합격했다. 현재 그는 김해공항을 거쳐 대구 신세계푸드 위생팀으로 근무중이다. 김씨는 지난 6월에 모교를 찾아 학과 후배들에게 현장...,2,0,,
485,2021-10-07,"울산 중구의회 더불어민주당 소속 의원, 서울 이마트 본사 앞 1인 시위 동참",울산 중구의회(의장 김지근) 더불어민주당 소속 의원 5명이 7일 서울 이마트 본사 앞에서 ㈜신세계의 울산혁신도시 개발계획에 대한 항의 차원으로 1인 시위에 돌입했다. 이번 1인 시위는 신세계의 진정성 없는...,2,0,,
486,2021-10-07,"중구의회, 신세계 규탄 1인 시위 이어가",의원들이 어제(10/6) 박태완 중구청장에 이어 오늘(10/7) 이마트 본사 앞에서 1인 시위를 이어갔습니다. 중구의원들은 신세계의 진정성 없는 혁신도시 개발계획을 비판하며 백화점 수준의 상업시설 조성을 강조했습니다. /,2,0,,
487,2021-10-07,[에너지경제신문 오프라인] 먼저 만나는 에너지경제신문 헤드라인 - 10월 8일,"은상·동상 롯데백화점동탄점, ‘더 테라스’은상 컴투스, 세계자연기금에 환경개선 기금 3천만원 후원 신세계百 ""데미안 허스트 작품 감상하며 쇼핑하세요"" 한화에어로, 누리호 성공발사 염원 행사clip20211007175621",1,0,,라벨 1-->0
488,2021-10-13,"""31년 동안 먹은 탕수육 모두 가짜""…정용진 요리 솜씨에 놀란 SSG랜더스 박종...","프로야구 SSG랜더스의 투수 박종훈(30)이 구단주인 정용진 신세계 부회장의 식사 초대 자리를 공개해 눈길을 끈다. 박종훈은 지난 12일 자신의 SNS에 ""구단주님 키친, 맛있는 음식 사진으로 다 담을수가 없었다""라고...",3,0,?,
489,2021-10-14,"SSG닷컴, '네이버 장보기' 입점…""신세계·네이버 협업 시너지 기대""",지난 3월 신세계그룹과 네이버 간 지분교환 이후 진행되는 전략적 업무협력의 일환이다. SSG닷컴은 네이버 장보기에 입점해 이마트몰 상품 배송에 나선다고 14일 밝혔다. 고객들은 네이버 장보기에 접속해 SSG닷컴의...,3,0,,
490,2021-10-14,"광주신세계, 다문화가정에 1천만원 전달",㈜광주신세계(대표이사 이동훈·사진 오른쪽)는 14일 아시아밝음공동체(이사장 김명군)에 다문화가정을 위한... 이동훈 광주신세계 대표는 “장학금이 열악한 환경의 외국인 주민과 다문화가정에 전달돼 이들에게...,2,1,,
491,2021-10-14,신세계사이먼 개장 앞두고 지역상인 반발,◀ＡＮＣ▶ 서귀포시 안덕면 제주신화월드에 신세계사이먼 프리미엄 전문점이 정부의 사업조정 끝에 내일... 고발 대상은 신세계사이먼 프리미엄 전문점이 들어서는 제주신화월드 운영사인 람정 제주개발. 상인들은...,2,0,,
492,2021-10-15,"'풀필먼트' 시초 아마존, 국내 물류센터 가능성은?","신세계, GS, 롯데 등 유통 대기업이 관심을 보였다. M&amp;A 대전의 최종 승자는 신세계였다. 신세계는 이베이코리아를 3조 4400억원에 인수했다. 막판에 이베이코리아 인수를 ""비싸서"" 포기한 롯데는 이후 중고거래 플랫폼...",2,,?,
493,2021-10-15,로지텍-SSG닷컴 업무 협약… 온라인 비즈니스 활성화 나서,로지텍은 신세계그룹 통합 온라인몰 SSG 닷컴과 함께 로지텍의 온라인 비즈니스 활성화를 위한 전략적... 로지텍은 일렉트로마트에서 신제품을 단독 런칭하는 등 그간 신세계그룹의 다양한 유통 채널과 꾸준히...,3,1,,
494,2021-10-18,"신세계 백화점 강남점 점장 교체…""현장 관리 강화""",신세계가 백화점 강남점의 점장과 부점장을 교체했다. 18일 유통업계에 따르면 신세계는 지난 16일 임훈 강남점장(부사장ㆍ본사 백화점 영업본부장 겸)을 본사 마케팅혁신TF팀장으로 전보했다. 지난 1일 그룹 정기 인사에서...,3,1,,
495,2021-10-19,"민주평통 울산중구협의회, 신세계 이마트 본사 앞 릴레이 1인 시위",민주평통 울산중구협의회가 19일 오전 서울 성동구 이마트 본사 앞에서 신세계의 울산 혁신도시 상업시설 건립을 촉구하는 릴레이 1인 시위를 하고 있다.,2,0,,
496,2021-10-19,"배기철 대구동구청장, 신세계백화점 동절기 나눔행사","배기철 대구동구청장은 20일 오전 11시20분, 구청장실에서 ‘신세계백화점 동절기 나눔행사’ 참석한다.",2,1,,
497,2021-10-19,"제주시, 신세계 전문점 '별도 의견 없음'",더불어민주당 임정은 제주도의원은 제주시에 대한 행정사무감사에서 서귀포시가 전문점과 관련해 의견을 수렴하겠다는 공문을 보냈지만 제주시는 별도 의견 없음이라고 회신했고 결재라인도 시장에게 닿지 않았다고...,2,0,,
498,2021-10-20,"혁신도시 노동조합대표자협의회, 신세계 이마트 본사 앞 릴레이 1인 시위",혁신도시 노동조합대표자협의회가 20일 오전 서울 성동구 이마트 본사 앞에서 신세계의 울산 혁신도시 상업시설 건립을 촉구하는 릴레이 1인 시위를 하고 있다.,3,0,,
499,2021-10-20,가치소비 인기에 친환경·동물복지 상품 '날개',"무농약 찹쌀(3㎏, 국내산)은 신세계포인트 적립 시 6천원 할인한 1만2천980원에 내놓는다. MSC(해양관리협의회) 인증 프리미엄 명란(250g)도 2천원 할인한 1만4천880원에 선보인다. MSC는 남획 및 해양 환경 파괴를...",4,1,,
500,2021-10-20,"대구신세계백화점, 동절기 나눔 활동 시작",대구신세계백화점은 사랑의 김장김치 행사와 난방비 지원 등 동절기 나눔활동을 앞두고 20일 대구... 대구신세계는 개점 첫해인 2017년부터 매년 동절기 사회공헌활동으로 김장김치 나눔과 난방비 지원을 이어오고 있다.,2,1,,
501,2021-10-21,창원 스타필드 연내 착공 '교통난' 가중 우려,신세계 계열의 부동산개발업체인 신세계프라퍼티는 창원시 의창구 중동 792 3만 4339㎡에 지하 7층 지상 5층 연면적 24만 2380㎡ 규모의 대형 복합쇼핑몰을 건립한다. 스타필드 창원의 건물 연면적은 지난 2013년 4월 증축...,2,0,,
502,2021-10-21,"""중저가 브랜드 중심 프리미엄전문점, 상권 위협""","무장한 신세계 제주프리미엄전문점은 지역 소상공인들에게 큰 상처를 줬다""며 ""중저가 브랜드 중심의 신세계 프리미엄전문점 사업조정 권고에 대한 이의를 신청한다""고 밝혔다. 이들 단체는 ""신세계는 당초 해외 명품...",2,0,,
503,2021-10-25,㈜신세계 부지 개발 촉진 주민대책협의회 출범,울산 중구지역 단체와 동대표 등이 울산혁신도시 특별계획구역에 걸맞은 개발을 촉구하기 위해 '㈜신세계 부지 개발 촉진 주민대책협의회'를 출범했다. ㈜신세계 부지 개발 촉진 주민대책협의회는 25일 오전 10시...,2,0,,
504,2021-10-25,함안 수박 공동마케팅 사업성과 높인다,"이를 위해 △브랜딩&amp;차별화를 위해 온라인 전용 패키징 박스 제작, 함안수박 스토리북 제작 △함안수박 프리미엄 이미지 제고를 위해 신세계백화점 팝업스토어, 함안수박 기프트카드 출시, 내지갑속 과일 △지속가능한...",2,1,,
505,2021-10-26,"[사설] 신세계사이먼, 지역상생 약속 지켜야","제주신화월드내에 60여개 브랜드를 갖춘 '신세계사이먼 제주 프리미엄 전문점'이 지난 15일 개장, 운영에... 제주칠성로상점가·제주중앙지하상점가 소상공인들은 피해를 우려해 신세계사이먼을 상대로 중소벤처기업부에...",2,0,,
506,2021-10-27,"산청조섬유배합사료조합, 농식품부 '친환경 축산 대상' 평가 최우수","현대백화점과 신세계백화점 등에 계약판매해 연간 약 90억 원대 매출을 올리고 있다. 유기 축산은 오염물질 등 환경훼손이 없는 청정지대에서 인공배합사료 대신 풀사료 등으로 한우를 키우고, 축사 단위 면적당 한우...",1,1,,
507,2021-10-27,산청 2021 친환경 축산 대상 평가 `최우수`,현대ㆍ신세계백화점 등에 계약판매를 통해 연간 90여억 원의 매출을 올리고 있다. 유기 축산은 오염물질 등 환경 훼손이 없는 청정지대에서 인공배합사료 대신 풀사료 등으로 한우를 키우고 축사 단위 면적당 한우...,1,1,,
508,2021-10-28,"울산 중구의회, 신세계 약속이행 촉구",울산 중구의회 더불어민주당 소속 의원들이 중구의회 회기가 끝난 지난 25일부터 서울 성수동 이마트 본사 앞에서 신세계의 약속이행을 촉구하는 릴레이 시위를 하고 있다.,2,0,,
509,2021-10-28,"울산 중구의회, 신세계 상업시설 건립 촉구 1인 시위 지속 동참",울산 중구의회가 ㈜신세계의 울산혁신도시부지 내 백화점 등 상업시설 건립을 촉구하는 1인 시위를 이어가고... 중구 주민대책협의회 주관으로 지난 6일부터 시작된 1인 시위는 신세계의 오피스텔 건립과 졸속으로 추진된...,2,0,,
510,2021-10-28,"류재규 울산중구 통정협의회장, 신세계 이마트 본사 앞 릴레이 1인 시위",류재규 울산중구 통정협의회 회장이 28일 서울 성동구 이마트 본사 앞에서 신세계의 울산 혁신도시 상업시설 건립을 촉구하는 릴레이 1인 시위를 하고 있다.,2,0,,
511,2021-10-29,"""독점 우려 없다""…이베이 품는 이마트, 공정위 승인",[ 이베이 / 연합뉴스 쿠키뉴스] 한전진 기자 = 공정거래위원회(공정위)가 신세계그룹 이마트의 이베이... 오프라인 쇼핑 시장과 관련해선 “신세계의 점유율이 18%에 불과해 온-오프라인 쇼핑 시장 내 혼합 결합으로 인한...,3,,?,
512,2021-11-08,"정용진, 자녀에게 강조한 ‘6가지 식사예절’···화제된 이유는?",정용진 신세계그룹 부회장이 자녀에게 강조한 6가지 식사 예절이 온라인 커뮤니티에서 화제가 되고 있다. 최근 여러 온라인 커뮤니티에는 ‘정용진식 식사예절’이라는 식의 제목의 글이 등장했다. 글에는 정 부회장이...,3,0,,
513,2021-11-10,마곡지구에 대형쇼핑몰 3곳 입점 준비…시장 상인들은 '분통',"근처 부지에는 롯데의 대형 복합시설 공사가 진행 중이고, 신세계 역시 새 쇼핑몰 출시를 고심중입니다. 한 동네에 3개의 대기업 쇼핑몰이 몰리는 겁니다. 주변 소상공인들은 벌써부터 걱정이 앞섭니다. 자칫 대형...",2,0,,
514,2021-11-16,해나루 농특산물 판매 '잰걸음',"한편 당진시는 이달 중순 인천 선비공원에서 해나루 농산물 판촉행사를 진행하며, 신세계백화점과 공동으로 세계적 명성의 밥솥 브랜드 버미큘라의 사은품으로 해나루쌀이 선정돼 소비자에게 공급될 예정이다. 또한...",2,1,,
515,2021-11-17,거위털 오리털 한올도 안 썼는데 100만원…이 패딩이 뜨는 이유는,이탈리아 브랜드 '세이브더덕' 신세계백화점 타임스퀘어점 스타필드 하남에 팝업스토어 동물 깃털 대신 플룸테크사용 스토어도 재활용 소재로 꾸며 지속가능 패션 모범기업 꼽혀 신세계인터내셔날이 수입·판매하는...,2,1,,
516,2021-11-18,“신세계 백화점 건립해야”…중구의회 민주당 천막농성,중구의회 더불어민주당 의원들과 더불어민주당 지역위원회가 신세계 측에 백화점 건립 등을 촉구하며 신세계 혁신도시 개발부지 앞에 천막을 설치해 무기한 농성에 들어갔습니다. 이들은 신세계 측이 당초 약속한 백화점...,2,0,,
517,2021-11-18,수험표 할인 혜택 '무궁무진',"신세계백화점 경기점은 모바일 앱을 통해 자체 캐릭터 '푸빌라' 이모티콘, 패션 부문 7% 할인권, 멤버스바 커피 이용권 등을 제공한다. 10대 소비자들과 접점이 많은 편의점업계도 수험생 공략에 나섰다. CU는 공식...",2,1,,
518,2021-11-22,대전신세계 어린이 놀이시설 조성,대전신세계 Art &amp; Science가 하늘 공원에 어린이 놀이시설을 선보인다. 하늘 공원 내에 위치한 티라노 파크에 티라노사우르스 모양의 대형 놀이시설이 개방해 새로운 명물로 자리잡을 예정이다.,2,1,,
519,2021-11-22,대전 신세계 사이언스센터 내년에 '활짝',대전 신세계 아트앤사이언스(Art ＆ Science) '사이언스센터'의 기업 입주가 최근 속도를 내며 본격 가동을... 특구재단에서 이를 운영하려면 먼저 유성구청이 신세계그룹에 준공허가를 한 뒤 마케팅공사에 소유권 관련 등기...,2,1,,
520,2021-11-23,"울산 중구 전통시장 내 LED홍보 전광판 무용지물 ""예산 낭비""","일자리기업과 관계자는 ""㈜신세계 백화점 건립 문제만 해결되면 지역경제 전반에 큰 도움이 될 것으로 전망한다""며 ""현재 논의 중인 병원 유치와 울산상의 신축 등도 성공적으로 마무리될 수 있도록 할 것""이라고 말했다.",2,0,,
521,2021-11-23,건강하고 안전한 먹거리 위한 ‘지푸드쇼 2021’ 이달 30일 개최,"티몬, 네이버 쇼핑라이브, 신세계 TV 쇼핑이 참여해 소비자들에게 참가기업의 제품을 저렴하게 판매하는 ‘온라인 판촉기획전’도 함께 진행한다. 경기도 농식품유통과 황인순 과장은 “포스트코로나 시대를 앞두고...",2,1,,
522,2021-11-24,"롯데그룹, BU → HQ 체제로 전환 … 백화점 수장엔 신세계 출신",신세계인터내셔날 출신인 정 대표는 지난 2018년 롯데로 자리를 옮겨왔다. 정 대표가 임명되면 롯데백화점 대표로는 처음으로 롯데 출신이 아닌 외부 출신 인사가 수장을 맡는 셈이다.,3,0,,
523,2021-11-26,"신세계프라퍼티, 신규 브랜드 ‘스타필드 빌리지’ 개발","신세계 프라퍼티 BI (사진제공: 신세계프라퍼티)신세계가 복합쇼핑몰 스타필드를 시작으로 다양한 복합 개발사업 추진을 통해 퓨어 디벨로퍼로 도약 중인 신세계프라퍼티가 신규 브랜드 스타필드 빌리지를 개발, 사업...",3,,0?,
524,2021-12-01,"이베이 인수 신세계, G마켓·옥션과 첫 시너지 효과 실험",10일까지 ‘매일 신세계가 열린다’ 총 8종 상품 최대 77% 특가 할인 계열사 상품권 등 경품 이벤트도 지난 10월 이베이를 인수한 신세계가 G마켓·옥션과 첫 연합 프로모션 ‘매일매일 신세계가 열린다’를 진행한다. 1일...,3,,?,
525,2021-12-01,"신세계·이베이, 첫 연합 프로모션",최근 신세계그룹 이마트에 인수된 이베이코리아가 신세계그룹과 첫 협업에 나섰다. G마켓과 옥션은 1~10일 신세계그룹 첫 연합 프로모션인 '매일매일 신세계가 열린다'를 진행한다고 밝혔다. 두 사이트에서 행사 기간...,3,,?,
526,2021-12-02,광주신세계 ‘지역 브랜드 알리기’ 앞장,㈜광주신세계가 지역 브랜드 알리기에 나섰다. ㈜광주신세계는 2일 담양에서 뿌리를 내리고 글로벌 브랜드로 발돋움 하기 위해 혼신의 힘을 기울이고 있는 지역 브랜드 ‘취향담’과 ‘뮤지움재희’와 협업해...,2,1,,
527,2021-12-08,"신세계푸드, 지역사회 소외계층에 '올반 김치' 5000㎏ 기부",신세계푸드가 지역사회 소외계층을 위해 '올반 김치' 5000㎏을 기부했다고 8일 밝혔다. ESG 경영의 일환으로 지역사회에 도움을 주기 위한 방법을 고민해 온 신세계푸드는 최근 배추 값 급등으로 김장 비용에 부담을...,2,1,,
528,2021-12-08,연말 특수에 '방역 패스' 끼얹기?… 유통가 전전긍긍,"최근 롯데, 신세계, 현대백화점은 마지막 정기세일 개최 등으로 매출 반등에 성공했다. 11월 19일부터 이달 5일까지 진행된 겨울 정기세일 행사 매출은 롯데백화점이 35.1%, 신세계백화점 34.5%, 현대백화점 34.7%로 나타났다....",2,0,,
529,2021-12-08,"'공작도시', 넷플릭스가 주목할 심리 스릴러…수애ㆍ이충주ㆍ이학주 등 욕망의...","◆ 인간 통찰의 신세계, 파격적인 미스터리 심리 스릴러 '공작도시'는 대한민국 정재계를 쥐고 흔드는 성진 그룹의 미술관을 배경으로 대한민국 가장 높은 자리에 오르고자 하는 여자들의 욕망을 담은 파격 미스터리...",2,0,신세계 관련 기사 아님,
530,2021-12-09,"CJ대한통운, 신세계TV쇼핑과 손잡고 T커머스 시장 공략",CJ대한통운이 신세계TV쇼핑과 풀필먼트 협력을 통해 T커머스 시장 공략에 나선다. CJ대한통운은 T커머스 기업 신세계TV쇼핑과 5년 재계약을 기반으로 한 ‘전략적 풀필먼트 협력 MOU’를 9일 체결했다. 첨단 물류기술을...,2,,0?,
531,2021-12-10,"채식 인구 250만명…""요즘 비건은 이렇게 먹습니다""",신세계그룹 계열 신세계푸드의 경우 2016년부터 대체육 연구개발을 진행한 끝에 올해 대체육 브랜드 '베러미트'를 선보였다. 닭고기에 이어 돼지고기 대체육 시장을 공략한 것. 앞서 신세계푸드는 자사 햄버거 프랜차이즈...,1,1,,
532,2021-12-10,"노브랜드, 햄버거 가격 인상… 가맹점 위해 배달료 절반↓","8% 인상 가맹점 상생 위해 배달료 로열티 8%→ 4% 가성비 버거로 명성을 얻었던 신세계푸드 노브랜드 버거가... 신세계푸드 노브랜드 버거는 28일부터 판매가를 평균 2.8%, 금액으로는 114원 올린다고 10일 밝혔다. 이번...",2,1,,
533,2021-12-14,중구의 번영은 '혁신도시 2'에 달렸다,"혁신도시 상가 지역의 핵심은 '신세계 백화점 건설'이었다. 하지만, 신세계는 차일피일 미루다 최근에는 초점을 백화점이 아닌 오피스텔 중심의 주상복합 건물로 옮겨 여론의 뭇매를 맞았다. 신세계 백화점 입점을 계기로...",2,0,,
534,2021-12-14,지역 중소기업 제품 대기업 만나 상생협력 구매 상담,"현대중공업, (주)신세계, CJ제일제당, 삼성전자, 삼성SDI, LG디스플레이, 풀무원식품, ㈜포스코건설, 롯데하이마트, 네이버(주), 카카오, ㈜GS홈쇼핑, 아성다이소, 한국동서발전(주), 울산항만공사 등 대기업(공공기관) 70여...",2,1,,
535,2021-12-14,"ubc 울산방송) 혁신도시공동주택연합회, 신세계 개발 주민 공청회 요청",혁신도시 10개 아파트 주민으로 구성된 울산혁신도시 공동주택연합회가 '혁신도시 신세계 부지 개발' 관련해 울산시와 중구청에 주민 공청회 개최를 요청했습니다. 이들은 이달 초 공문을 통해 '주민들이 신세계 측의...,2,0,,
536,2021-12-15,"논산시농업기술센터, 전국 우수농업기술센터 선정","특히, 논산을 대표하는 딸기의 고품질화를 위해 약 9억 원에 달하는 사업비를 투입해 프리미엄 농산물 수출단지 시범 조성 등의 사업을 추진하는 것은 물론 spc그룹, 신세계푸드 등과 협력관계를 구축하며 논산시 농산물의...",2,1,,
537,2021-12-16,ubc 울산방송) 혁신도시 기업 입주 '속속'..상계 언제쯤?,"하지만 랜드마크인 신세계 중심 상업용지가 공회전을 거듭하고 있습니다. 배윤주 기잡니다. (리포트)... 백화점에서부터 스타필드형 쇼핑몰, 그리고 오피스텔까지 변심을 거듭해온 신세계는 아직까지 주민 공청회조차...",2,0,,
538,2021-12-17,"신세계사이먼, 기장군에‘희망2022나눔캠페인’성금 5,000만원 기탁","신세계사이먼 부산 프리미엄 아울렛(대표 조창현, 점장 김희석)은 16일 ‘희망2022나눔캠페인’ 성금 5... 기장군 장안읍에 위치한 신세계사이먼 부산 프리미엄 아울렛은 경제적 어려움을 겪고 있는 지역민들을 돕기...",2,1,,
539,2021-12-21,‘30년 숙원’ 안면도 관광지 개발 사업 물꼬,"메리츠 증권과 신세계 건설, 조선호텔앤리조트 등 국내외 9개 유명 기업들이 참여한 대규모 컨소시엄입니다. 해당 사업자는 2025년까지 안면도 3·4지구 약 214만㎡에 1조 3천여억 원을 들여 1,300실 규모의 숙박시설과 전망대...",3,1,,
540,2021-12-21,안면도 개발 우선협상대상자 온더웨스트 컨소시엄 최종 선정.. 호텔·콘도·골...,"메리츠증권·신세계 건설·조선호텔앤리조트 등 국내외 9개 유명 기업 참여 안면도 관광지 개발사업이 내년... 온더웨스트는 메리츠증권과 신세계건설, 한국투자증권, 미국 투자 전문회사인 브릿지락캐피탈홀딩스...",3,1,,
541,2021-12-21,"[TJB 리포트] 30년 숙원 '안면도 개발'..""국내외 유명 9개 기업 참여한다""","온더웨스트에는 메리츠증권과 신세계건설, 한국투자증권과 미국 투자사인 브릿지락캐피탈홀딩스, 조선호텔앤리조트 등 9개 기업이 참여합니다. 온더웨스트는 제안서에서 안면도 고유의 차별화된 부분을 감싸 안으며...",3,1,,
542,2021-12-21,"""더 큰 장 열린다""…내년 IPO 전략은","코로나19 이후 비대면 소비가 일상화되며 급성장한 이커머스 기업들도 상장 고삐를 바짝 쥐고 있습니다.신세계그룹 온라인몰 쓱닷컴과 마켓컬리 운영사인 컬리, 오아시스마켓 등이 내년 상장을 위한 절차를 밟고...",3,0,,
543,2021-12-21,30년 충남도민 숙원 풀었다...'안면도관광지' 개발 본격 시동,"온더웨스트는 메리츠증권과 신세계건설, 한국투자증권, 미국 투자 전문회사인 브릿지락캐피탈홀딩스, 신한금융투자, 디엘이앤씨, 마스턴투자운용, 조선호텔앤리조트, 오스모시스홀딩스 등 국내외 9개 기업이...",3,1,,라벨?
544,2021-12-23,"""신세계, 울산 중구 혁신도시 개발 등 대책마련해야""","-신세계 부지매입 후 8년간 답보상태 -도심융합특구 표류 상태도 지적 -민선7기 시정 '속빈 강정' 혹평 울산시의회 고호근(사진) 의원이 지지부진한 신세계 울산혁신도시 개발과, 표류하고 있는 도심융합특구에 대한...",2,0,,
545,2021-12-23,"울산 중구, 올해의 으뜸시책 '입화산자연휴양림 별뜨락'","2위는 '한글 도시 울산 중구 만들기', 3위는 '(주)신세계 부지 개발 촉진 활동', 4위는 '코로나19, 집단감염 확산 차단을 위한 선제대응', 5위는 '행복한 아이, 행복한 도시를 그리다' 가 뽑혔다. 1위에 선정된...",2,0,,
546,2021-12-23,ubc 울산방송) 박태완 중구청장에게서 듣는다,"Q2) 중구의 최대 관심사는 아무래도 신세계 백화점이 아닐까 싶은데, 현재 진행 상황은 어떻습니까? A2) 지난 9월 30일 신세계는 기존 울산 백화점 보다 더 큰 영업 면적을 조성하고 2021년 올해 중으로 건축설계를 시작하여...",2,0,,
547,2021-12-28,스타필드 창원 공사 시작..교통*상생은?/ss,"◀ＡＮＣ▶ 신세계의 대형복합쇼핑몰인 '스타필드 창원' 건립 공사가 시작됐습니다. 하지만 여전히 지역... 생각합니다"" 신세계 측은 지역 인재 채용과 지역 생산물 판매 의무화 등 지역과 함께 하겠다고 강조했습니다....",2,1,,
548,2021-12-28,[결산 2021] 중구구정엔 어떤 일이,"2040 혁신성장 등 미래 선제 대응…신세계 개발 난제 울산의료원 등 주요 현안서 밀려…울산상의... #뜨겁다가 차갑다가…그칠지 모르는 신세계 이슈 ""신세계"", 이 한마디에 중구는 올해도 하늘로 솟았다가...",2,0,,
549,2021-12-28,"파동신세계연합의원, 후원금품 전달",파동신세계연합의원은 지난 24일 지역 복지대상자들을 위해 성금과 백미 20kg 15포를 파동행정복지센터에 전달했다.,2,1,,
